domain,"name","description",date
7newspolitical.site,"7 News Political","<p><a href=&quot;https://www.7newspolitical.site/&quot;>7newspolitical.site</a> posts clickbait stories and has no disclaimer.</p><p>The site is <a href=&quot;http://whois.domaintools.com/7newspolitical.site&quot;>registered</a> through Who is Guard, a company that hides the identity and location of the owner of the website.</p>",2018-11-18
americasfreedomfighters.com,"America&#8217;s Freedom Fighters","<p><a href=&quot;https://americasfreedomfighters.com/&quot;>Americasfreedomfighters.com</a> doesn&#8217;t have a disclaimer on its website, but it does say on <a href=&quot;https://www.facebook.com/pg/AmericasFreedomFighters/about/?ref=page_internal&quot;>one</a> <a href=&quot;https://www.facebook.com/pg/AFFMediaInc/about/?ref=page_internal&quot;>of</a> <a href=&quot;https://www.facebook.com/pg/NationInDistress/about/?ref=page_internal&quot;>at</a> <a href=&quot;https://www.facebook.com/pg/ExtremelyPissedOffRightWingers3/about/?ref=page_internal&quot;>least</a> <a href=&quot;https://www.facebook.com/pg/EXTREMELYPISSEDOFFRIGHTWINGERS2/about/?ref=page_internal&quot;>five</a> associated Facebook pages:</p><p>&#8220;<a href=&quot;https://www.facebook.com/pg/AmericasFreedomFighters/about/?ref=page_internal&quot;>We Provide Truthful News To Patriots That The MSM Refuses To Report! Give Us A Like! You Won’t Be Disappointed!</a>&#8221;</p><p>The site is <a href=&quot;http://whois.domaintools.com/americasfreedomfighters.com&quot;>registered</a> through The Endurance International Group, a company that hides the identity and location of the owner of the website.</p><p>But it is run by a father and son in California, Dino Porrazzo Sr. and Dino Porrazzo Jr., who <a href=&quot;https://businesssearch.sos.ca.gov/Document/RetrievePDF?Id=03985176-21880807&quot;>incorporated</a> AFF Media Inc. in 2017.</p><p>They write under the pseudonyms <a href=&quot;https://www.facebook.com/JohnyDavis42014?lst=404246%3A100006052356852%3A1533678543&quot;>Johnny Davis</a> and <a href=&quot;https://www.facebook.com/pg/DeanJamesAff/about/?ref=page_internal&quot;>Dean James,</a> and they also run the website <a href=&quot;https://rightwingtribune.com/&quot;>Rightwingtribune.com</a>.</p>",2018-11-18
americaslastlineofdefense.org,"America’s Last Line of Defense","<p><a href=&quot;https://americaslastlineofdefense.org/&quot;>Americaslastlineofdefense.org</a> is the central website in a <a href=&quot;https://www.facebook.com/thelastlineofdefense/&quot;>network</a> of sites that describe their content as satire aimed at provoking conservatives. All of the sites &#8212; including <a href=&quot;https://trumpbetrayed.us/all/&quot;>trumpbetrayed.us</a>, <a href=&quot;https://worstpot.us/ever/&quot;>worstpot.us</a> and <a href=&quot;https://nofakenewsonline.us/&quot;>nofakenewsonline.us</a> &#8212; provide this disclaimer on the &#8220;<a href=&quot;https://web.archive.org/save/http://thelastlineofdefense.online/about/&quot;>About</a>&#8221; page:</p><p>&#8220;Everything on this website is fiction. It is not a lie and it is not fake news because it is not real. If you believe that it is real, you should have your head examined. Any similarities between this site’s pure fantasy and actual people, places and events are purely coincidental and all images should be considered altered and satirical.&#8221;</p><p>However, the stories that appear on those sites are often copied and reposted by websites that have no such disclaimer.</p><p>The sites are <a href=&quot;http://whois.domaintools.com/americaslastlineofdefense.org&quot;>registered</a> through Who is Guard, a company that hides the identity and location of the owner of the website.</p>",2018-11-18
americanjournalreview.com,"American Journal Review","<p><a href=&quot;http://www.americanjournalreview.com/&quot;>Americanjournalreview.com</a> doesn&#8217;t have a disclaimer, but it does say on the &#8220;<a href=&quot;https://web.archive.org/web/20180404211436/http://www.americanjournalreview.com/fair-use-and-copyright-policy/&quot;>Fair Use and Copyright Policy</a>&#8221; page that its content is:</p><p>&#8220;news reporting, criticism and comment, parody, education, research, et al.&#8221;</p><p>The site is <a href=&quot;http://whois.domaintools.com/americanjournalreview.com&quot;>registered</a> through Domains By Proxy, a company that hides the identity and location of the owner of the website.</p>",2018-11-18
bannedinformation.com,"Banned Information","<p><a href=&quot;http://bannedinformation.com/&quot;>BannedInformation.com</a> has this disclaimer on its &#8220;<a href=&quot;http://bannedinformation.com/sample-page/&quot;>About</a>&#8221; page:</p><p>&#8220;BannedInformation.com should not be considered an unbiased news source, rather we publish opinions and interpretations of the day’s news by Conservative and Libertarian bloggers. Again, BannedInformation.com publishes commentary and opinion by conservatives and libertarians, not unbiased news reporting.&#8221;</p><p>The site is <a href=&quot;http://whois.domaintools.com/bannedinformation.com&quot;>registered</a> through Domain Privacy Service, a company that hides the identity and location of the owner of the website.</p><p>According to the site&#8217;s &#8220;<a href=&quot;https://web.archive.org/web/20180820181047/http://bannedinformation.com/sample-page/&quot;>About</a>&#8221; page, it is owned by <a href=&quot;http://search.sunbiz.org/Inquiry/CorporationSearch/SearchResultDetail?inquirytype=EntityName&amp;directionType=Initial&amp;searchNameOrder=POWERTOPUBLISHER%20L160000012200&amp;aggregateId=flal-l16000001220-8f1de4c8-133e-4c60-afd1-8ff243395bdd&amp;searchTerm=Power%20To%20The%20Publisher&amp;listNameOrder=POWERTOPUBLISHER%20L160000012200&quot;>Power To The Publisher LLC</a>, which is based in Florida. Power To The Publisher also owns FBnewscycle.com.</p>",2018-11-18
blingnews.com,"BlingNews.com","<p><a href=&quot;http://www.blingnews.com/&quot;>BlingNews.com</a> posts largely partisan clickbait stories and has no disclaimer.</p><p>The site is <a href=&quot;http://whois.domaintools.com/blingnews.com&quot;>registered</a> through Domains By Proxy, a company that hides the identity and location of the owner of the website.</p>",2018-11-18
cbinfo24.com,"CBINFO24.com","<p><a href=&quot;http://www.cbinfo24.com/&quot;>Cbinfo24.com</a> posts clickbait stories copied from other websites. It doesn&#8217;t have a disclaimer, but it does have this on its &#8220;<a href=&quot;http://www.cbinfo24.com/terms-and-conditions/&quot;>terms and conditions</a>&#8221; page:</p><p>&#8220;This Website is provided &#8216;as is,&#8217; with all faults, and V&amp;J express no representations or warranties, of any kind related to this Website or the materials contained on this Website. Also, nothing contained on this Website shall be interpreted as advising you.&#8221;</p><p><a href=&quot;http://www.ilovemyamerica.net/terms-and-conditions/&quot;>Several</a> <a href=&quot;http://www.patriotnetwork.one/terms-and-conditions/&quot;>other</a> <a href=&quot;http://www.svijmedia.com/terms-and-conditions/&quot;>similar</a> <a href=&quot;http://www.fergieinfo.com/terms-and-conditions/&quot;>sites</a> <a href=&quot;http://www.tamche1966.com/terms-and-conditions/&quot;>have</a> <a href=&quot;http://www.thisboss.net/terms-and-conditions/&quot;>the</a> <a href=&quot;http://www.butam.net/terms-and-conditions/&quot;>same</a> language on their terms and conditions pages.</p><p>The site is <a href=&quot;http://whois.domaintools.com/cbinfo24.com&quot;>registered</a> to an owner in Macedonia.</p>",2018-11-18
channel23news.com,"Channel 23 News ","<p><a href=&quot;https://channel23news.com/&quot;>Channel23News.com</a> is a prank site that encourages readers to “Create A Story &amp; Trick Your Friends!”</p>",2018-11-18
conservativeangle.com,"Conservative Angle","<p><a href=&quot;http://conservativeangle.com/&quot;>Conservativeangle.com</a> aggregates stories from conservative websites. It has no disclaimer.</p><p>The site is <a href=&quot;http://whois.domaintools.com/conservativeangle.com&quot;>registered</a> through Domains By Proxy, a company that hides the identity and location of the owner of the website.</p>",2018-11-18
consnation.com,"Conservative Nation ","<p><a href=&quot;http://www.consnation.com/&quot;>Consnation.com</a> has this <a href=&quot;https://web.archive.org/web/20180404213131/http://www.consnation.com/disclaimer/&quot;>disclaimer</a>:</p><p>&#8220;All the information on this website is published in good faith and for general information purpose only. Conservative Nation does not make any warranties about the completeness, reliability, and accuracy of this information.”</p><p>The site is <a href=&quot;http://whois.domaintools.com/consnation.com&quot;>registered</a> through Proxy Protection, a company that hides the identity and location of the owner of the website.</p>",2018-11-18
conservativepaper.us,"Conservative Paper","<p><a href=&quot;http://www.conservativepaper.us/&quot;>Conservativepaper.us</a> doesn&#8217;t have a disclaimer, but it does say in small type at the bottom of the homepage:</p><p>&#8220;SATIRE World.&#8221;</p><p>The site had been registered to an owner in Macedonia, but it changed the <a href=&quot;http://whois.domaintools.com/conservativepaper.us&quot;>registration information</a> to the address for a church in South Carolina and included a Bulgarian phone number. The same owner had registered the now-defunct site <span>TheLibertyNews.us.</span></p>",2018-11-18
conservativepost.com,"Conservative Post","<p><a href=&quot;https://conservativepost.com/&quot;>Conservativepost.com</a> has this disclaimer on its &#8220;<a href=&quot;https://web.archive.org/web/20180712170830/https://conservativepost.com/terms-of-service/&quot;>Terms Of Service</a>&#8221; page:</p><p>&#8220;<span>The website disclaims any responsibility for the accuracy of the content of this website. Visitors assume the all risk of viewing, reading, using, or relying upon this information. Unless you have otherwise formed an express contract to the contrary with the website, you have no right to rely on any information contained herein as accurate. The website makes no such warranty.</span>&#8221;</p><p>It describes itself this way on its &#8220;<a href=&quot;https://conservativepost.com/contact/&quot;>Contact</a>&#8221; page:</p><p>&#8220;<span>The Conservative Post exists to spread freedom of information, conservative values, and truth to the public through various media forms. We are an organization committed to upholding the First Amendment right of the Freedom of Speech and make every effort to lend to our readers—and Americans everywhere—strength, compassion, and honor. We welcome input and engagement from you, our online community, in mutual respect and courage to face our America, together.</span>&#8221;</p><p>The site is <a href=&quot;http://whois.domaintools.com/conservativepost.com&quot;>registered</a> through Domains By Proxy, a company that hides the identity and location of the owner of the website.</p>",2018-11-18
daily-vine.com,"Daily Vine","<p><a href=&quot;https://daily-vine.com/&quot;>Daily-vine.com</a> often posts exaggerated or misleading headlines and stories that are slanted with opinion. It doesn&#8217;t have a disclaimer, but it has the <a href=&quot;https://web.archive.org/web/20180403211619/https://daily-vine.com/author/libertybelle/&quot;>same</a> <a href=&quot;https://web.archive.org/web/20180201225932/http://freedomdaily.com/author/libertybelle/&quot;>writers</a> as the now-defunct, but once prolific, website Freedom Daily, which used to say on its &#8220;<a href=&quot;https://web.archive.org/web/20180201192424/https://freedomdaily.com/about-us/&quot;>About</a>&#8221; page:</p><p>&#8220;<span>Freedom Daily exists to present a forum for discussing meaningful conservative American and world news, from a perspective that is not your normal agenda-based Beltway bull. Articles on Freedom Daily are posted by members who are warriors for America’s freedom. We post and decipher content to a level that is consistent with a common sense approach and falls in line with the ideals of American liberty and freedom.</span>&#8221;</p><p>The site is <a href=&quot;http://whois.domaintools.com/daily-vine.com&quot;>registered</a> through Domains By Proxy, a company that hides the identity and location of the owner of the website.</p>",2018-11-18
empirenews.net,"Empire News","<p><a href=&quot;http://empirenews.net/&quot;>empirenews.net</a> has this disclaimer on its &#8220;<a href=&quot;https://web.archive.org/web/20180405194329/http://empirenews.net/about-disclaimer/&quot;>About / Disclaimer</a>&#8221; page:</p><p>&#8220;<span>Empire News is intended for entertainment purposes only. Our website and social media content uses only fictional names,</span> except in cases of public figure and celebrity parody or satirization.&#8221;</p><p>The site is <a href=&quot;http://whois.domaintools.com/empirenews.net&quot;>registered</a> through 1&amp;1 Internet, a company that hides the identity and location of the owner of the website.</p>",2018-11-18
en-volve.com,"enVolve","<p><a href=&quot;https://en-volve.com/&quot;>En-volve.com</a> has this disclaimer on its &#8220;<a href=&quot;https://web.archive.org/web/20180405200004/https://en-volve.com/terms-of-service/&quot;>Website Terms of Use</a>&#8221; page:</p><p>&#8220;The information presented on or through the Website is made available solely for general information and entertainment purposes. We do not warrant the accuracy, completeness or usefulness of this information. Any reliance you place on such information is strictly at your own risk. We disclaim all liability and responsibility arising from any reliance placed on such materials by you or any other visitor to the Website, or by anyone who may be informed of any of its contents.&#8221;</p><p>The site is <a href=&quot;http://whois.domaintools.com/en-volve.com&quot;>registered</a> through 1&amp;1 Internet, a company that hides the identity and location of the owner of the website.</p>",2018-11-18
fbnewscycle.com,"FB News Cycle","<p><a href=&quot;http://fbnewscycle.com/&quot;>Fbnewscycle.com</a> has this disclaimer on its &#8220;<a href=&quot;http://fbnewscycle.com/about/&quot;>About</a>&#8221; page:</p><p>&#8220;FBNewsCycle.com should not be considered an unbiased news source, rather we publish opinions and interpretations of the day’s news by Conservative and Libertarian bloggers. Again, FBNewsCycle.com publishes commentary and opinion by conservatives and libertarians, not unbiased news reporting.&#8221;</p><p>The site is <a href=&quot;http://whois.domaintools.com/fbnewscycle.com&quot;>registered</a> through Domain Privacy Service, a company that hides the identity and location of the owner of the website.</p><p>According to the site&#8217;s &#8220;<a href=&quot;https://web.archive.org/web/20180820180028/http://fbnewscycle.com/about/&quot;>About</a>&#8221; page, it is owned by <a href=&quot;http://search.sunbiz.org/Inquiry/CorporationSearch/SearchResultDetail?inquirytype=EntityName&amp;directionType=Initial&amp;searchNameOrder=POWERTOPUBLISHER%20L160000012200&amp;aggregateId=flal-l16000001220-8f1de4c8-133e-4c60-afd1-8ff243395bdd&amp;searchTerm=Power%20To%20The%20Publisher&amp;listNameOrder=POWERTOPUBLISHER%20L160000012200&quot;>Power To The Publisher LLC</a>, which is based in Florida. Power To The Publisher also owns BannedInformation.com.</p>",2018-11-18
fellowshipoftheminds.com,"Fellowship of the Minds","<p><a href=&quot;https://fellowshipoftheminds.com/&quot;>Fellowshipoftheminds.com</a> has an extensive &#8220;<a href=&quot;https://fellowshipoftheminds.com/false-flags/&quot;>Conspiracies/False Flags</a>&#8221; section on its website and says on its &#8220;<a href=&quot;https://fellowshipoftheminds.com/about/&quot;>About</a>&#8221; page:</p><p>&#8220;<span>We are Conservatives in the undying tradition of America’s Founding Fathers, deeply concerned about the sorry state of our country and the ruinous path our government, political, and cultural elites have taken. That is why we have formed this fellowship of the minds d</span>espite our very different backgrounds, but a deep love for God and country in common.&#8221;</p><p>The site is <a href=&quot;http://whois.domaintools.com/fellowshipoftheminds.com&quot;>registered</a> through Domains By Proxy, a company that hides the identity and location of the owner of the website.</p>",2018-11-18
gellerreport.com,"Geller Report","<p><a href=&quot;https://gellerreport.com/&quot;>Gellerreport.com</a> is run by <a href=&quot;https://gellerreport.com/about/&quot;>Pamela Geller</a>, an anti-Islamic activist.</p><p>The site is <a href=&quot;http://whois.domaintools.com/gellerreport.com&quot;>registered</a> through Geller&#8217;s nonprofit organization, the <a href=&quot;http://afdi.us/&quot;>American Freedom Defense Initiative</a>.</p>",2018-11-18
infowars.com,"Info Wars","<p><a href=&quot;https://www.infowars.com/&quot;>Infowars.com</a> is the website for the popular conspiracy theory radio show by the same name. On its &#8220;<a href=&quot;https://www.infowars.com/about-alex-jones-show/&quot;>About</a>&#8221; page, it says in part:</p><p><span>Owner Alex Jones &#8220;believes that informing people about the true nature of power, we can foster a real debate about humanity&#8217;s destiny and allow the species to evolve towards a more orderly singularity that has humans at the core of a system which is based around maintaining free will and integrity &#8211; defying the transhumanist goal of Social Darwinism and scientific dictatorship.</span>&#8221;</p><p>The site is <a href=&quot;http://whois.domaintools.com/infowars.com&quot;>registered</a> through Jones&#8217; Texas-based limited liability company, <a href=&quot;https://cdn.factcheck.org/UploadedFiles/AlexJones.pdf&quot;>Free Speech Systems</a>.</p>",2018-11-18
kagfeed.com,"Keep America Great!","<p><a href=&quot;https://kagfeed.com/&quot;>KAGfeed.com</a> posts conservative-leaning stories and appears to be related to Truthfeednews.com, since it refers to a related domain on its &#8220;<a href=&quot;https://web.archive.org/web/20180712162520/https://kagfeed.com/privacy-policy/&quot;>Privacy Policy</a>&#8221; page. It has this disclaimer on its &#8220;<a href=&quot;https://kagfeed.com/tos/&quot;>Terms of Service</a>&#8221; page:</p><p>&#8220;<span>Your use of the Service is at your sole risk. The Service is provided on an &#8216;AS IS&#8217; and &#8216;AS AVAILABLE&#8217; basis. The Service is provided without warranties of any kind, whether express or implied, including, but not limited to, implied warranties of merchantability, fitness for a particular purpose, non-infringement or course of performance.</span>&#8221;</p><p>The site is <a href=&quot;http://whois.domaintools.com/kagfeed.com&quot;>registered</a> through Domains By Proxy, a company that hides the identity and location of the owner of the website.</p>",2018-11-18
londonwebnews.com,"London Web News","<p><a href=&quot;http://londonwebnews.com/&quot;>Londonwebnews.com</a> posts clickbait political stories. It has this disclaimer on its &#8220;<a href=&quot;http://londonwebnews.com/privacy-policy-and-disclaimer/&quot;>Privacy Policy And Disclaimer</a>&#8221; page:</p><p>&#8220;While we endeavour to keep this information up to date and correct, we make no representations or warranties of any kind, express or implied, about the completeness, accuracy, reliability, suitability, or availability with respect to the website or the information, products, services or related graphics and images contained on the website for any purpose.&#8221;</p><p>The site is <a href=&quot;http://whois.domaintools.com/londonwebnews.com&quot;>registered</a> through Who is Guard, a company that hides the identity and location of the owner of the website.</p>",2018-11-18
mminfo24.com,"MMinfo24.com","<p><a href=&quot;http://www.mminfo24.com/&quot;>MMinfo24.com</a> posts clickbait stories copied from other websites. It has no disclaimer.</p><p>The site is <a href=&quot;http://whois.domaintools.com/mminfo24.com&quot;>registered</a> to an owner in Macedonia.</p>",2018-11-18
neonnettle.com,"Neon Nettle","<p><a href=&quot;http://www.neonnettle.com&quot;>Neonnettle.com</a> is a British website that posts inflammatory political stories, many with misinformation, about the U.S. and U.K. &#8212; it has a &#8220;<a href=&quot;http://www.neonnettle.com/news/conspiracy&quot;>conspiracy</a>&#8221; section in its &#8220;news&#8221; category. It says on its &#8220;<a href=&quot;http://www.neonnettle.com/about&quot;>About Us</a>&#8221; page:</p><p>&#8220;At Neon Nettle, we believe the mainstream has become less valid as it continues its ongoing practices of censorship and engineered narratives.&#8221;</p><p>The site is <a href=&quot;http://whois.domaintools.com/neonnettle.com&quot;>registered</a> through Tucows, a company that hides the identity and location of the owner of the website. But <a href=&quot;https://beta.companieshouse.gov.uk/company/10063225&quot;>incorporation papers</a> filed in the U.K. show that Neon Nettle is based on the outskirts of London.</p>",2018-11-18
politicot.com,"Newslo/Politicops.com","<p>Newslo runs two sites, <a href=&quot;http://politicot.com/&quot;>politicops.com</a> and <a href=&quot;http://politicot.com/&quot;>politicot.com</a>, and publishes what it calls “News/Satire.” Newslo articles contain “show facts” and “hide facts” buttons. Generally, the “show facts” button highlights the first part of the story, which is often lifted from a reputable news outlet. The rest of the story is fabricated.</p><p>The &#8220;<a href=&quot;http://politicops.com/about-us/&quot;>About Us</a>&#8221; page on politicops.com says:</p><p>&#8220;JUST ENOUGH NEWS… Newslo is the first hybrid News/Satire platform on the web. Readers come to us for a unique brand of entertainment and information that is enhanced by features like our fact-button, which allows readers to find what is fact and what is satire.</p><p>&#8220;Newslo’s &#8216;No Need to Satirize&#8217; brings you completely factual stories that are so ridiculous, they don’t need our trademark touch. Whenever you see #NNTS, you’re reading COMPLETELY real news that only seems too absurd to be true.&#8221;</p><p>While Newslo articles are clearly labeled as satire, we have found that several other websites republish Newslo articles without labeling the stories as satire and without providing the hide/show facts buttons for readers. This is part of the problem with the spread of misinformation. Stories that are intended as satire circulate without proper labeling.</p>",2018-11-18
nyeveningnews.com,"NY Evening News","<p><a href=&quot;http://nyeveningnews.com/&quot;>NYeveningnews.com</a> posts clickbait stories and has a section for conspiracy theories and alien-themed stories. It has no disclaimer.</p><p>The site is <a href=&quot;http://whois.domaintools.com/nyeveningnews.com&quot;>registered</a> through Tucows, a company that hides the identity and location of the owner of the website.</p>",2018-11-18
patriotswalk.us,"Patriotswalk","<p><a href=&quot;https://www.patriotswalk.us/&quot;>Patriotswalk.us</a> posts stories copied from other websites and has no disclaimer.</p><p>The site is <a href=&quot;http://whois.domaintools.com/patriotswalk.us&quot;>registered</a> to an owner in Kosovo.</p>",2018-11-18
policetask.com,"Police Task","<p><a href=&quot;http://policetask.com/&quot;>Policetask.com</a> posts stories copied from other websites and has no disclaimer.</p><p>The site is <a href=&quot;http://whois.domaintools.com/policetask.com&quot;>registered</a> to an owner in Kosovo.</p>",2018-11-18
politicsfocus.com,"PoliticsFocus","<p><a href=&quot;http://politicsfocus.com&quot;>Politicsfocus.com</a> began by posting liberal-leaning stories, then switched and started posting conservative-leaning stories. And then it started posting general interest stories. There are at least a dozen — <a href=&quot;http://politicsfocus.com/&quot;>1</a>, <a href=&quot;http://cloudpolitical.com/&quot;>2</a>, <a href=&quot;http://goldpolitics.com/&quot;>3</a>, <a href=&quot;http://politicsmate.com/&quot;>4</a>, <a href=&quot;http://jetpolitics.com/&quot;>5</a>, <a href=&quot;http://flexpolitics.com/&quot;>6</a>, <a href=&quot;http://maxrepublican.com/&quot;>7</a>, <a href=&quot;http://politicstec.com/&quot;>8</a>, <a href=&quot;http://totalpolitical.com/&quot;>9</a>, <a href=&quot;http://politicsedge.com/&quot;>10</a>, <a href=&quot;http://politicsvision.com/&quot;>11</a>, <a href=&quot;http://politicsfast.com/&quot;>12</a> — identical sites on different URLs. None of them has a disclaimer.</p><p>The site is <a href=&quot;http://whois.domaintools.com/politicsfocus.com&quot;>registered</a> through Who is Guard, a company that hides the identity and location of the owner of the website.</p>",2018-11-18
puppetstringnews.com,"Puppet String News","<p><a href=&quot;https://www.puppetstringnews.com/&quot;>Puppetstringnews.com</a> posts right-leaning articles that sometimes include false information. It describes itself as &#8220;Anti msm news&#8221; on the homepage and says on its &#8220;<a href=&quot;https://web.archive.org/web/20180531194344/https://www.puppetstringnews.com/about.html&quot;>About</a>&#8221; page:</p><p>&#8220;<span>Puppet String News was created by a US NAVY vet, who served four years in the military, got out because he was tired of the world and it&#8217;s current state. Decided to get into alternative news to tell the truth to best of ability.</span>&#8221;</p><p>The site is <a href=&quot;http://whois.domaintools.com/puppetstringnews.com&quot;>registered</a> through Perfect Privacy, a company that hides the identity and location of the owner of the website.</p>",2018-11-18
realnewsrightnow.com,"Real News Right Now","<p><a href=&quot;http://realnewsrightnow.com/&quot;>Realnewsrightnow.com</a> doesn&#8217;t have a disclaimer but is intended to be satire, the site&#8217;s owner, Robert Shooltz, told us in an <a href=&quot;https://www.factcheck.org/2018/06/conspiracy-theory-follows-call-for-space-force/&quot;>interview</a>. Shooltz<span> drops subtle hints that the site is a spoof, such as listing the “</span><a href=&quot;http://realnewsrightnow.com/about/&quot;>Stephen Glass Distinction in Journalistic Integrity</a><span>” among his awards — </span><a href=&quot;http://www.latimes.com/business/hiltzik/la-fi-mh-stephen-glass-is-still-retracting-20151215-column.html&quot;>Stephen Glass</a><span> was a writer for the <em>New Republic</em> who left the magazine in disgrace after it was revealed that he had fabricated many of his stories.</span></p><p>However, the stories that appear on the site have been copied and reposted by websites that give no indication that the stories are supposed to be a joke.</p>",2018-11-18
rightwingtribune.com,"Right Wing Tribune","<p><a href=&quot;https://rightwingtribune.com/&quot;>Rightwingtribune.com</a> doesn&#8217;t have a disclaimer, but it does say on <a href=&quot;https://www.facebook.com/pg/EXTREMELYPISSEDOFFRIGHTWINGERS2/about/?ref=page_internal&quot;>one</a> <a href=&quot;https://www.facebook.com/pg/ExtremelyPissedOffRightWingers3/about/?ref=page_internal&quot;>of</a> <a href=&quot;https://www.facebook.com/pg/NationInDistress/about/?ref=page_internal&quot;>at</a> <a href=&quot;https://www.facebook.com/pg/AmericasFreedomFighters/about/?ref=page_internal&quot;>least</a> <a href=&quot;https://www.facebook.com/pg/AFFMediaInc/about/?ref=page_internal&quot;>five</a> associated Facebook pages:</p><p>&#8220;<a href=&quot;https://www.facebook.com/pg/EXTREMELYPISSEDOFFRIGHTWINGERS2/about/?ref=page_internal&quot;>If You Are A Right Winger And PISSED You’re In The Right Place. We Provide High Quality Journalism With Viral Memes and Video In Between! So Give Us A Like! You Won’t Be Dissapointed</a>.&#8221;</p><p>The site is <a href=&quot;http://whois.domaintools.com/rightwingtribune.com&quot;>registered</a> through The Endurance International Group, a company that hides the identity and location of the owner of the website.</p><p>But it is run by a father and son in California, Dino Porrazzo Sr. and Dino Porrazzo Jr., who <a href=&quot;https://businesssearch.sos.ca.gov/Document/RetrievePDF?Id=03985176-21880807&quot;>incorporated</a> AFF Media Inc. in 2017 and also run the website <a href=&quot;https://americasfreedomfighters.com/&quot;>Americasfreedomfighters.com</a>.</p>",2018-11-18
rwnofficial.com,"Right Wing News","<p><a href=&quot;https://rwnofficial.com/&quot;>RWNofficial.com</a> posts right-leaning articles that sometimes include false information. It says on its &#8220;<a href=&quot;https://rwnofficial.com/about-us/&quot;>About Us</a>&#8221; page:</p><p>&#8220;Right Wing News publishes content that is traditional news, opinion based and is consistent with conservative values.&#8221;</p><p>The site is <a href=&quot;http://whois.domaintools.com/rwnofficial.com&quot;>registered</a> through Domains By Proxy, a company that hides the identity and location of the owner of the website.</p>",2018-11-18
specialnewsusa.com,"Special News USA","<p><a href=&quot;http://specialnewsusa.com/&quot;>SpecialNewsUSA.com</a> posts clickbait stories and has no disclaimer.</p><p>The site is <a href=&quot;http://whois.domaintools.com/specialnewsusa.com&quot;>registered</a> through Domain Protection Services, a company that hides the identity and location of the owner of the website.</p>",2018-11-18
stgeorgegazette.com,"St. George Gazette","<p><a href=&quot;https://stgeorgegazette.com/&quot;>Stgeorgegazette.com</a> doesn&#8217;t have a disclaimer.</p><p>The site is <a href=&quot;http://whois.domaintools.com/stgeorgegazette.com&quot;>registered</a> through Who is Guard, a company that hides the identity and location of the owner of the website.</p>",2018-11-18
stuppid.com,"Stuppid","<p><a href=&quot;http://stuppid.com/&quot;>Stuppid.com</a> doesn&#8217;t have a disclaimer, but it does say this on its &#8220;<a href=&quot;http://stuppid.com/about/&quot;>About</a>&#8221; page:</p><p>&#8220;Stuppid.com reports stupid news we find around the web and from other sources. We aim to publish the stupidest, craziest stuff we can find.&#8221;</p><p>The site is <a href=&quot;http://whois.domaintools.com/stuppid.com&quot;>registered</a> through Domains By Proxy, a company that hides the identity and location of the owner of the website.</p>",2018-11-18
teddystick.com,"Teddy Stick","<p><a href=&quot;https://teddystick.com/&quot;>Teddystick.com</a> posts conservative-leaning stories and says on its &#8220;<a href=&quot;https://teddystick.com/about/&quot;>About</a>&#8221; page:</p><p>&#8220;Because of the internet, a new political energy has taken America by storm (the same energy that carried Trump to the White House). No longer are citizens tied to the biased information of mainstream news outlets. Instead, emerging alternative publishers have been able to connect with audiences in a much more authentic and factual way.&#8221;</p><p>The site is <a href=&quot;http://whois.domaintools.com/teddystick.com&quot;>registered</a> through Who is Guard, a company that hides the identity and location of the owner of the website.</p>",2018-11-18
theamericanews.co,"The American News","<p><a href=&quot;http://www.theamericanews.co/&quot;>Theamericanews.co</a> doesn&#8217;t have a disclaimer, but it does say on its &#8220;<a href=&quot;http://www.theamericanews.co/about/&quot;>About Us</a>&#8221; page:</p><p>&#8220;News &amp; opinion on politics without the PC BS from typical mainstream media. We aim to bring you the latest in important news without all the fluff. We want to help American citizens TAKE BACK AMERICA and MAKE AMERICA GREAT AGAIN!&#8221;</p><p>The site is <a href=&quot;http://whois.domaintools.com/theamericanews.co&quot;>registered</a> to an owner in Pakistan.</p>",2018-11-18
theconservativetreehouse.com,"The Conservative Tree House","<p><a href=&quot;https://theconservativetreehouse.com/&quot;>Theconservativetreehouse.com</a> posts conservative-leaning stories that sometimes include misinformation. It has a lengthy description on its &#8220;<a href=&quot;https://theconservativetreehouse.com/about/&quot;>About Us</a>&#8221; page, including:</p><p>&#8220;Fear is at the core of liberalism, and love/trust is at the core of conservatism. Liberalism is about control. Conservatism is about self-empowerment.&#8221;</p><p>The site is <a href=&quot;http://whois.domaintools.com/theconservativetreehouse.com&quot;>registered</a> through Domains By Proxy, a company that hides the identity and location of the owner of the website.</p>",2018-11-18
thelibertyraise.com,"Liberty Raise","<p><a href=&quot;http://www.thelibertyraise.com/&quot;>Thelibertyraise.com</a> posts stories copied from other sites. Sometimes those sites have labeled their content as &#8220;satire,&#8221; but Liberty Raise does not include the disclaimer.</p><p>The site is <a href=&quot;http://whois.domaintools.com/thelibertyraise.com&quot;>registered</a> to an owner in Macedonia.</p>",2018-11-18
the-postillon.com,"The Postillon","<p><a href=&quot;https://www.the-postillon.com/&quot;>The-postillon.com</a> is a satirical website that has this disclaimer on its &#8220;<a href=&quot;https://www.the-postillon.com/p/faq.html&quot;>FAQ</a>&#8221; page:</p><p>&#8220;everything you can read here is satire and therefore all made-up. Any resemblance to actual persons, living or dead, or actual events is purely coincidental.&#8221;</p><p>However, the stories that appear on this are sometimes copied and reposted by websites that have no such disclaimer.</p>",2018-11-18
therightists.com,"The Rightists","<p><a href=&quot;http://therightists.com/&quot;>Therightists.com</a> describes itself as a &#8220;HYBRID site of news and satire.&#8221; It says on its &#8220;<a href=&quot;http://therightists.com/about-us/&quot;>About-Us</a>&#8221; page:</p><p>&#8220;This is HYBRID site of news and satire. part of our stories already happens, part, not yet. NOT all of our stories are true!&#8221;</p><p>The site is <a href=&quot;http://whois.domaintools.com/therightists.com&quot;>registered</a> to an owner in Israel.</p>",2018-11-18
topalertnews.com,"Top Alert News","<p><a href=&quot;https://topalertnews.com/&quot;>Topalertnews.com</a> is likely related to <a href=&quot;http://donaldtrumpnews.co/&quot;>Donald Trump News</a> (they have the same <a href=&quot;http://donaldtrumpnews.co/contact-us/&quot;>contact</a> information). It has this <a href=&quot;https://web.archive.org/web/20180730192830/https://topalertnews.com/disclaimer/&quot;>disclaimer</a>:</p><p>&#8220;Top Alert News does not make any warranties about the completeness, reliability and accuracy of this information.&#8221;</p><p>The site is <a href=&quot;http://whois.domaintools.com/topalertnews.com&quot;>registered</a> through Who is Guard, a company that hides the identity and location of the owner of the website.</p>",2018-11-18
truthfeednews.com,"TRUTHFEED","<p><a href=&quot;https://truthfeednews.com/&quot;>Truthfeednews.com</a> posts conservative-leaning stories and appears to be related to kagfeed.com, which refers to TRUTHFEED&#8217;s domain on its &#8220;<a href=&quot;https://web.archive.org/web/20180712162520/https://kagfeed.com/privacy-policy/&quot;>Privacy Policy</a>&#8221; page. TRUTHFEED has this disclaimer on its &#8220;<a href=&quot;https://truthfeednews.com/terms-of-services/&quot;>Terms of Service</a>&#8221; page:</p><p>&#8220;<span>Your use of the Service is at your sole risk. The Service is provided on an &#8216;AS IS&#8217; and &#8216;AS AVAILABLE&#8217; basis. The Service is provided without warranties of any kind, whether express or implied, including, but not limited to, implied warranties of merchantability, fitness for a particular purpose, non-infringement or course of performance.</span>&#8221;</p><p>The site is <a href=&quot;https://whois.icann.org/en/lookup?name=truthfeednews.com&quot;>registered</a> through Domains By Proxy, a company that hides the identity and location of the owner of the website.</p>",2018-11-18
universaleinfo.com,"Universale Info","<p><a href=&quot;https://www.universaleinfo.com/&quot;>Universaleinfo.com</a> doesn&#8217;t have a disclaimer.</p><p>The site is <a href=&quot;http://whois.domaintools.com/universaleinfo.com&quot;>registered</a> to an owner in Macedonia.</p>",2018-11-18
trainnews.info,"USA Train News","<p><a href=&quot;https://www.trainnews.info/&quot;>Trainnews.info</a> posts conservative-leaning stories, many of which are copied from other sites, and has no disclaimer.</p><p>The site is <a href=&quot;http://whois.domaintools.com/trainnews.info&quot;>registered</a> to an owner in Venezuela.</p>",2018-11-18
ussanews.com,"USSA News","<p><a href=&quot;http://ussanews.com/News1/&quot;>Ussanews.com</a> calls itself &#8220;the Tea Party&#8217;s front page&#8221; and says on its &#8220;<a href=&quot;http://ussanews.com/News1/about-ussanews-com/&quot;>About</a>&#8221; page:</p><p>&#8220;<span>This site is here directly because of the direction this country, the USA, is headed. Too much government!</span>&#8221;</p><p>The site is <a href=&quot;http://whois.domaintools.com/ussanews.com&quot;>registered</a> through Tucows, a company that hides the identity and location of the owner of the website.</p>",2018-11-18
viralcords.com,"Viral Cords","<p><a href=&quot;https://viralcords.com/&quot;>Viralcords.com</a> doesn&#8217;t have a disclaimer.</p><p>The site is <a href=&quot;http://whois.domaintools.com/viralcords.com&quot;>registered</a> through Data Protected, a company that hides the identity and location of the owner of the website.</p>",2018-11-18
viralnewspbs.site,"Viral News PBS","<p><a href=&quot;https://viralnewspbs.site/&quot;>Viralnewspbs.site</a> posts clickbait stories copied from other websites. It has no disclaimer and no information about who runs it. It is not affiliated with the Public Broadcasting Service.</p><p>The site is <a href=&quot;http://whois.domaintools.com/viralnewspbs.site&quot;>registered</a> through Who is Guard, a company that hides the identity and location of the owner of the website.</p>",2018-11-18
viralitythings.us,"Virality Things","<p><a href=&quot;http://viralitythings.us/&quot;>Viralitythings.us</a> posts stories copied from other sites. It has no disclaimer.</p><p>The site is <a href=&quot;http://whois.domaintools.com/viralitythings.us&quot;>registered</a> to an owner in Kosovo.</p>",2018-11-18
webviners.com,"WebViners.com","<p><a href=&quot;http://webviners.com/&quot;>Webviners.com</a> posts right-leaning stories that have been copied from other sites. It has no disclaimer.</p><p>The site is <a href=&quot;http://whois.domaintools.com/webviners.com&quot;>registered</a> to an owner in Kosovo.</p>",2018-11-18
worldnewsdailyreport.com,"World News Daily Report","<p>World News Daily Report is a self-described satirical website. It includes a <a href=&quot;https://worldnewsdailyreport.com/grandmother-with-ak-47-saves-cops-being-attacked-by-street-gang/&quot;>disclaimer</a> at the bottom of each page that says: “World News Daily Report assumes all responsibility for the satirical nature of its articles and for the fictional nature of their content. All characters appearing in the articles in this website – even those based on real people – are entirely fictional and any resemblance between them and any person, living, dead or undead, is purely a miracle.”</p>",2018-11-18
worldnews-24.press,"The World News Press","<p><a href=&quot;http://worldnews-24.press/&quot;>Worldnews-24.press</a> posts clickbait stories and has no disclaimer.</p><p>The site is <a href=&quot;http://whois.domaintools.com/worldnews-24.press&quot;>registered</a> through Who is Guard, a company that hides the identity and location of the owner of the website.</p>",2018-11-18
yournewswire.com,"Your News Wire","<p><a href=&quot;https://yournewswire.com/&quot;>Yournewswire.com</a> has been a prolific poster of misinformation and conspiracy theories. The website now redirects to newspunch.com &#8212; another domain that Your News Wire has used in the past.</p><p><a href=&quot;https://web.archive.org/web/20181112200046/https:/newspunch.com/contact/&quot;>Both</a> <a href=&quot;http://whois.domaintools.com/yournewswire.com&quot;>sites</a> are registered by a company called <a href=&quot;https://businesssearch.sos.ca.gov/Document/RetrievePDF?Id=03688418-23547475&quot;>The People&#8217;s Voice</a>, which is run by <a href=&quot;https://yournewswire.com/contact/&quot;>Sean Adl-Tabatabai</a> in California.</p>",2018-11-18
