domain	name	info	footnotes
70news.wordpress.com	70 News	A <a href=&quot;/wiki/WordPress&quot; title=&quot;WordPress&quot;>WordPress</a>-hosted site that published a false news story, stating that <a href=&quot;/wiki/Donald_Trump&quot; title=&quot;Donald Trump&quot;>Donald Trump</a> had won the popular vote in the 2016 United States presidential election; the fake story rose to the top in searches for &quot;final election results&quot; on <a href=&quot;/wiki/Google_News&quot; title=&quot;Google News&quot;>Google News</a>.	<sup id=&quot;cite_ref-9&quot; class=&quot;reference&quot;><a href=&quot;https://en.wikipedia.org/wiki/List_of_fake_news_websites#cite_note-9&quot;>[9]</a></sup><sup id=&quot;cite_ref-10&quot; class=&quot;reference&quot;><a href=&quot;https://en.wikipedia.org/wiki/List_of_fake_news_websites#cite_note-10&quot;>[10]</a></sup>
abcnews.com.co	<a href=&quot;/wiki/ABCnews.com.co&quot; title=&quot;ABCnews.com.co&quot;>ABCnews.com<b>.co</b></a> <i>(defunct)</i>	Owned by <a href=&quot;/wiki/Paul_Horner&quot; title=&quot;Paul Horner&quot;>Paul Horner</a>. Mimics the URL, design and logo of <a href=&quot;/wiki/ABC_News&quot; title=&quot;ABC News&quot;>ABC News</a> (owned by <a href=&quot;/wiki/Disney%E2%80%93ABC_Television_Group&quot; title=&quot;Disney–ABC Television Group&quot;>Disney–ABC Television Group</a>).	<sup id=&quot;cite_ref-cjr_11-0&quot; class=&quot;reference&quot;><a href=&quot;https://en.wikipedia.org/wiki/List_of_fake_news_websites#cite_note-cjr-11&quot;>[11]</a></sup><sup id=&quot;cite_ref-politifact_12-0&quot; class=&quot;reference&quot;><a href=&quot;https://en.wikipedia.org/wiki/List_of_fake_news_websites#cite_note-politifact-12&quot;>[12]</a></sup>
american.news	American News	Published a false story claiming actor <a href=&quot;/wiki/Denzel_Washington&quot; title=&quot;Denzel Washington&quot;>Denzel Washington</a> endorsed Donald Trump for president. The fictional headline led to thousands of people sharing it on Facebook, a prominent example of fake news spreading on the social network prior to the 2016 presidential election.	<sup id=&quot;cite_ref-mnt_13-0&quot; class=&quot;reference&quot;><a href=&quot;https://en.wikipedia.org/wiki/List_of_fake_news_websites#cite_note-mnt-13&quot;>[13]</a></sup><sup id=&quot;cite_ref-bfn_14-0&quot; class=&quot;reference&quot;><a href=&quot;https://en.wikipedia.org/wiki/List_of_fake_news_websites#cite_note-bfn-14&quot;>[14]</a></sup><sup id=&quot;cite_ref-15&quot; class=&quot;reference&quot;><a href=&quot;https://en.wikipedia.org/wiki/List_of_fake_news_websites#cite_note-15&quot;>[15]</a></sup>
beforeitsnews.com	Before It's News	Cited by US President <a href=&quot;/wiki/Donald_Trump&quot; title=&quot;Donald Trump&quot;>Donald Trump</a> at his 2016 campaign rallies. Before It's News and <a href=&quot;/wiki/InfoWars&quot; title=&quot;InfoWars&quot;>InfoWars</a> were described as &quot;unabashedly unhinged 'news' sites&quot; in 2014 by <i><a href=&quot;/wiki/The_Washington_Post&quot; title=&quot;The Washington Post&quot;>The Washington Post</a></i> following its promotion of conspiracy theories relating to <a href=&quot;/wiki/Malaysia_Airlines_Flight_17&quot; title=&quot;Malaysia Airlines Flight 17&quot;>Malaysia Airlines Flight 17</a>.	<sup id=&quot;cite_ref-:0_16-0&quot; class=&quot;reference&quot;><a href=&quot;https://en.wikipedia.org/wiki/List_of_fake_news_websites#cite_note-:0-16&quot;>[16]</a></sup><sup id=&quot;cite_ref-usnews_17-0&quot; class=&quot;reference&quot;><a href=&quot;https://en.wikipedia.org/wiki/List_of_fake_news_websites#cite_note-usnews-17&quot;>[17]</a></sup>
bients.com	bients.com		<sup id=&quot;cite_ref-huffpost-bernie_18-0&quot; class=&quot;reference&quot;><a href=&quot;https://en.wikipedia.org/wiki/List_of_fake_news_websites#cite_note-huffpost-bernie-18&quot;>[18]</a></sup>
bizstandardnews.com	bizstandardnews.com	Its stories have been mistaken as real-news then shared and cited as real-news.<p class=&quot;mw-empty-elt&quot;></p><p>Its disclaimer says the stories &quot;could be true&quot; because &quot;reality is so strange nowadays&quot;. But the disclaimer also says it is &quot;a satirical site designed to parody the 24-hour news cycle.&quot;<sup id=&quot;cite_ref-19&quot; class=&quot;reference&quot;><a href=&quot;https://en.wikipedia.org/wiki/List_of_fake_news_websites#cite_note-19&quot;>[19]</a></sup></p><p>Its name is similar to the unrelated Indian English-language daily newspaper called <i><a href=&quot;/wiki/Business_Standard&quot; title=&quot;Business Standard&quot;>Business Standard</a></i>.</p>	<sup id=&quot;cite_ref-LuedersArticle_20-0&quot; class=&quot;reference&quot;><a href=&quot;https://en.wikipedia.org/wiki/List_of_fake_news_websites#cite_note-LuedersArticle-20&quot;>[20]</a></sup><sup id=&quot;cite_ref-21&quot; class=&quot;reference&quot;><a href=&quot;https://en.wikipedia.org/wiki/List_of_fake_news_websites#cite_note-21&quot;>[21]</a></sup><sup id=&quot;cite_ref-22&quot; class=&quot;reference&quot;><a href=&quot;https://en.wikipedia.org/wiki/List_of_fake_news_websites#cite_note-22&quot;>[22]</a></sup><sup id=&quot;cite_ref-23&quot; class=&quot;reference&quot;><a href=&quot;https://en.wikipedia.org/wiki/List_of_fake_news_websites#cite_note-23&quot;>[23]</a></sup><sup id=&quot;cite_ref-24&quot; class=&quot;reference&quot;><a href=&quot;https://en.wikipedia.org/wiki/List_of_fake_news_websites#cite_note-24&quot;>[24]</a></sup><sup id=&quot;cite_ref-25&quot; class=&quot;reference&quot;><a href=&quot;https://en.wikipedia.org/wiki/List_of_fake_news_websites#cite_note-25&quot;>[25]</a></sup>
bloomberg.ma	Bloomberg<b>.ma</b> <i>(defunct)</i>	Designed to imitate <a href=&quot;/wiki/Bloomberg.com&quot; class=&quot;mw-redirect&quot; title=&quot;Bloomberg.com&quot;>Bloomberg.com</a>. Was used to issue a false report announcing that Twitter had received a USD $31 billion takeover offer, resulting in a brief 8% stock price spike of Twitter. The site is now defunct.	<sup id=&quot;cite_ref-26&quot; class=&quot;reference&quot;><a href=&quot;https://en.wikipedia.org/wiki/List_of_fake_news_websites#cite_note-26&quot;>[26]</a></sup><sup id=&quot;cite_ref-27&quot; class=&quot;reference&quot;><a href=&quot;https://en.wikipedia.org/wiki/List_of_fake_news_websites#cite_note-27&quot;>[27]</a></sup>
bostontribune.com	<span data-sort-value=&quot;Boston Tribune, The&nbsp;!&quot;>The Boston Tribune</span>	Starting in February 2016, this website's outright hoaxes quickly became popular with its readers.	<sup id=&quot;cite_ref-snopes_28-0&quot; class=&quot;reference&quot;><a href=&quot;https://en.wikipedia.org/wiki/List_of_fake_news_websites#cite_note-snopes-28&quot;>[28]</a></sup>
breaking-cnn.com	Breaking-CNN.com	Responsible for publishing numerous <a href=&quot;/wiki/List_of_premature_obituaries&quot; title=&quot;List of premature obituaries&quot;>death hoaxes</a>, including one for former First Lady <a href=&quot;/wiki/Barbara_Bush&quot; title=&quot;Barbara Bush&quot;>Barbara Bush</a> one day after her announcement that she would halt all further medical treatment in 2018. Designed to emulate <a href=&quot;/wiki/CNN&quot; title=&quot;CNN&quot;>CNN</a>.	<sup id=&quot;cite_ref-29&quot; class=&quot;reference&quot;><a href=&quot;https://en.wikipedia.org/wiki/List_of_fake_news_websites#cite_note-29&quot;>[29]</a></sup>
bvanews.com	BVA News		<sup id=&quot;cite_ref-30&quot; class=&quot;reference&quot;><a href=&quot;https://en.wikipedia.org/wiki/List_of_fake_news_websites#cite_note-30&quot;>[30]</a></sup><sup id=&quot;cite_ref-31&quot; class=&quot;reference&quot;><a href=&quot;https://en.wikipedia.org/wiki/List_of_fake_news_websites#cite_note-31&quot;>[31]</a></sup>
celebtricity.com	Celebtricity	Has falsely claimed that <a href=&quot;/wiki/Barack_Obama&quot; title=&quot;Barack Obama&quot;>Barack Obama</a> declared a <a href=&quot;/wiki/State_of_emergency&quot; title=&quot;State of emergency&quot;>state of emergency</a> in <a href=&quot;/wiki/Chicago,_Illinois&quot; class=&quot;mw-redirect&quot; title=&quot;Chicago, Illinois&quot;>Chicago, Illinois</a> after more than 300 people were shot in one night; that a <a href=&quot;/wiki/Wendy%27s&quot; title=&quot;Wendy's&quot;>Wendy's</a> employee put <a href=&quot;/wiki/Vaginal_discharge&quot; title=&quot;Vaginal discharge&quot;>vaginal discharge</a> on a burger as revenge against a partner; and that <a href=&quot;/wiki/Bryshere_Y._Gray&quot; title=&quot;Bryshere Y. Gray&quot;>Bryshere Y. Gray</a> was <a href=&quot;/wiki/Jay_Z&quot; class=&quot;mw-redirect&quot; title=&quot;Jay Z&quot;>Jay-Z</a>'s son. Contains a &quot;notorious fauxtire and satire entertainment&quot; disclaimer which used to read &quot;the most notorious urban satirical entertainment website in the world&quot;. <sup id=&quot;cite_ref-wp-8-15_32-0&quot; class=&quot;reference&quot;><a href=&quot;https://en.wikipedia.org/wiki/List_of_fake_news_websites#cite_note-wp-8-15-32&quot;>[32]</a></sup>	<sup id=&quot;cite_ref-33&quot; class=&quot;reference&quot;><a href=&quot;https://en.wikipedia.org/wiki/List_of_fake_news_websites#cite_note-33&quot;>[33]</a></sup><sup id=&quot;cite_ref-wp-8-15_32-1&quot; class=&quot;reference&quot;><a href=&quot;https://en.wikipedia.org/wiki/List_of_fake_news_websites#cite_note-wp-8-15-32&quot;>[32]</a></sup><sup id=&quot;cite_ref-34&quot; class=&quot;reference&quot;><a href=&quot;https://en.wikipedia.org/wiki/List_of_fake_news_websites#cite_note-34&quot;>[34]</a></sup>
cnn-trending.com	cnn-trending.com	Imitated CNN.com, complete with the CNN logo. Pushed the <a href=&quot;/wiki/Banc_De_Binary&quot; title=&quot;Banc De Binary&quot;><i>Hawking Code</i></a><i> scam</i>	<sup id=&quot;cite_ref-BuzzJan717_35-0&quot; class=&quot;reference&quot;><a href=&quot;https://en.wikipedia.org/wiki/List_of_fake_news_websites#cite_note-BuzzJan717-35&quot;>[35]</a></sup><sup id=&quot;cite_ref-camnews1_36-0&quot; class=&quot;reference&quot;><a href=&quot;https://en.wikipedia.org/wiki/List_of_fake_news_websites#cite_note-camnews1-36&quot;>[36]</a></sup>
conservative101.com	Conservative 101	Falsely claimed that the White House fired <a href=&quot;/wiki/Kellyanne_Conway&quot; title=&quot;Kellyanne Conway&quot;>Kellyanne Conway</a>.	<sup id=&quot;cite_ref-mnt_13-1&quot; class=&quot;reference&quot;><a href=&quot;https://en.wikipedia.org/wiki/List_of_fake_news_websites#cite_note-mnt-13&quot;>[13]</a></sup><sup id=&quot;cite_ref-bfn_14-1&quot; class=&quot;reference&quot;><a href=&quot;https://en.wikipedia.org/wiki/List_of_fake_news_websites#cite_note-bfn-14&quot;>[14]</a></sup>
conservativefrontline.com	Conservative Frontline	Owned by Jestin Coler.	<sup id=&quot;cite_ref-atc_37-0&quot; class=&quot;reference&quot;><a href=&quot;https://en.wikipedia.org/wiki/List_of_fake_news_websites#cite_note-atc-37&quot;>[37]</a></sup>
countynewsroom.info	CountyNewsroom.info	The fake news website, registered to <a href=&quot;/wiki/Tbilisi&quot; title=&quot;Tbilisi&quot;>Tbilisi</a>, <a href=&quot;/wiki/Georgia_(country)&quot; title=&quot;Georgia (country)&quot;>Georgia</a>, makes &quot;a minimal attempt to look official&quot; and is used to spread <a href=&quot;/wiki/Malware&quot; title=&quot;Malware&quot;>malware</a> on readers' computers.	<sup id=&quot;cite_ref-GillinCounty_38-0&quot; class=&quot;reference&quot;><a href=&quot;https://en.wikipedia.org/wiki/List_of_fake_news_websites#cite_note-GillinCounty-38&quot;>[38]</a></sup>
dailybuzzlive.com	Daily Buzz Live		<sup id=&quot;cite_ref-usnews_17-1&quot; class=&quot;reference&quot;><a href=&quot;https://en.wikipedia.org/wiki/List_of_fake_news_websites#cite_note-usnews-17&quot;>[17]</a></sup>
dailyusaupdate.com	Daily USA Update		<sup id=&quot;cite_ref-39&quot; class=&quot;reference&quot;><a href=&quot;https://en.wikipedia.org/wiki/List_of_fake_news_websites#cite_note-39&quot;>[39]</a></sup><sup id=&quot;cite_ref-40&quot; class=&quot;reference&quot;><a href=&quot;https://en.wikipedia.org/wiki/List_of_fake_news_websites#cite_note-40&quot;>[40]</a></sup>
dcgazette.com	DC Gazette		<sup id=&quot;cite_ref-usnews_17-2&quot; class=&quot;reference&quot;><a href=&quot;https://en.wikipedia.org/wiki/List_of_fake_news_websites#cite_note-usnews-17&quot;>[17]</a></sup>
denverguardian.com	<a href=&quot;/wiki/Denver_Guardian&quot; title=&quot;Denver Guardian&quot;>Denver Guardian</a>	Owned by Jestin Coler.	<sup id=&quot;cite_ref-atc_37-1&quot; class=&quot;reference&quot;><a href=&quot;https://en.wikipedia.org/wiki/List_of_fake_news_websites#cite_note-atc-37&quot;>[37]</a></sup>
disclose.tv	Disclose TV		<sup id=&quot;cite_ref-usnews_17-3&quot; class=&quot;reference&quot;><a href=&quot;https://en.wikipedia.org/wiki/List_of_fake_news_websites#cite_note-usnews-17&quot;>[17]</a></sup>
drudgereport.com.co	DrudgeReport.com<b>.co</b>	Owned by Jestin Coler (mimics the name of the <a href=&quot;/wiki/Drudge_Report&quot; title=&quot;Drudge Report&quot;>Drudge Report</a>).	<sup id=&quot;cite_ref-atc_37-2&quot; class=&quot;reference&quot;><a href=&quot;https://en.wikipedia.org/wiki/List_of_fake_news_websites#cite_note-atc-37&quot;>[37]</a></sup>
empireherald.com	Empire Herald	Starting in January 2016, this fake news site had spread many of its hoaxes online in just a few weeks.	<sup id=&quot;cite_ref-snopes_28-1&quot; class=&quot;reference&quot;><a href=&quot;https://en.wikipedia.org/wiki/List_of_fake_news_websites#cite_note-snopes-28&quot;>[28]</a></sup>
empirenews.net	Empire News	Many of this website's fake news hoaxes were widely shared on social media, with stories based off social or political controversies, or were simply appalling to readers. The site says that its content is for &quot;entertainment purposes only.&quot;<sup id=&quot;cite_ref-41&quot; class=&quot;reference&quot;><a href=&quot;https://en.wikipedia.org/wiki/List_of_fake_news_websites#cite_note-41&quot;>[41]</a></sup>	<sup id=&quot;cite_ref-cjr_11-1&quot; class=&quot;reference&quot;><a href=&quot;https://en.wikipedia.org/wiki/List_of_fake_news_websites#cite_note-cjr-11&quot;>[11]</a></sup><sup id=&quot;cite_ref-snopes_28-2&quot; class=&quot;reference&quot;><a href=&quot;https://en.wikipedia.org/wiki/List_of_fake_news_websites#cite_note-snopes-28&quot;>[28]</a></sup>
empiresports.co	Empire Sports	Includes a disclaimer describing itself as a &quot;satirical and entertainment website.&quot;<sup id=&quot;cite_ref-42&quot; class=&quot;reference&quot;><a href=&quot;https://en.wikipedia.org/wiki/List_of_fake_news_websites#cite_note-42&quot;>[42]</a></sup> Not to be confused with the legitimate (but long-defunct) <a href=&quot;/wiki/Empire_Sports_Network&quot; title=&quot;Empire Sports Network&quot;>Empire Sports Network</a>.	<sup id=&quot;cite_ref-Rensin_43-0&quot; class=&quot;reference&quot;><a href=&quot;https://en.wikipedia.org/wiki/List_of_fake_news_websites#cite_note-Rensin-43&quot;>[43]</a></sup>
fox-news24.com	Fox-news<b>24</b>.com		<sup id=&quot;cite_ref-44&quot; class=&quot;reference&quot;><a href=&quot;https://en.wikipedia.org/wiki/List_of_fake_news_websites#cite_note-44&quot;>[44]</a></sup><sup id=&quot;cite_ref-45&quot; class=&quot;reference&quot;><a href=&quot;https://en.wikipedia.org/wiki/List_of_fake_news_websites#cite_note-45&quot;>[45]</a></sup>
thegatewaypundit.com	<a href=&quot;/wiki/The_Gateway_Pundit&quot; title=&quot;The Gateway Pundit&quot;>The Gateway Pundit</a>	A popular right-wing blog prone to publishing false stories, including a story involving an unsubstantiated claim that <a href=&quot;/wiki/Special_Counsel_investigation_(2017%E2%80%93present)&quot; title=&quot;Special Counsel investigation (2017–present)&quot;>Special Counsel</a> head <a href=&quot;/wiki/Robert_Mueller&quot; title=&quot;Robert Mueller&quot;>Robert Mueller</a> sexually assaulted someone.	<sup id=&quot;cite_ref-46&quot; class=&quot;reference&quot;><a href=&quot;https://en.wikipedia.org/wiki/List_of_fake_news_websites#cite_note-46&quot;>[46]</a></sup><sup id=&quot;cite_ref-47&quot; class=&quot;reference&quot;><a href=&quot;https://en.wikipedia.org/wiki/List_of_fake_news_websites#cite_note-47&quot;>[47]</a></sup>
globalassociatednews.com	Global Associated News	Described itself as enabling users to produce fake stories using its &quot;fake celebrity news engine. (BG-note: MediaFetcher.com)	<sup id=&quot;cite_ref-Rensin_43-1&quot; class=&quot;reference&quot;><a href=&quot;https://en.wikipedia.org/wiki/List_of_fake_news_websites#cite_note-Rensin-43&quot;>[43]</a></sup>
globalresearch.ca	<a href=&quot;/wiki/Globalresearch.ca&quot; class=&quot;mw-redirect&quot; title=&quot;Globalresearch.ca&quot;>Globalresearch.ca</a>	Principal website of the <a href=&quot;/wiki/Centre_for_Research_on_Globalization&quot; class=&quot;mw-redirect&quot; title=&quot;Centre for Research on Globalization&quot;>Centre for Research on Globalization</a>, which <i><a href=&quot;/wiki/The_Economist&quot; title=&quot;The Economist&quot;>The Economist</a></i> in April 2017 called &quot;a hub for conspiracy theories and fake stories,&quot; and NATO <a href=&quot;/wiki/Information_warfare&quot; title=&quot;Information warfare&quot;>information warfare</a> specialists in November 2017 linked to a concerted effort to undermine the credibility of mainstream Western media.	<sup id=&quot;cite_ref-48&quot; class=&quot;reference&quot;><a href=&quot;https://en.wikipedia.org/wiki/List_of_fake_news_websites#cite_note-48&quot;>[48]</a></sup><sup id=&quot;cite_ref-49&quot; class=&quot;reference&quot;><a href=&quot;https://en.wikipedia.org/wiki/List_of_fake_news_websites#cite_note-49&quot;>[49]</a></sup>
gossipmillsa.com	Gossip Mill Mzansi	A fake news website using <a href=&quot;/wiki/WordPress&quot; title=&quot;WordPress&quot;>Wordpress</a>, targeting <a href=&quot;/wiki/South_Africa&quot; title=&quot;South Africa&quot;>South African</a> affairs. Its misinformation is spread on social media including <a href=&quot;/wiki/Facebook&quot; title=&quot;Facebook&quot;>Facebook</a> and <a href=&quot;/wiki/Twitter&quot; title=&quot;Twitter&quot;>Twitter</a>.	<sup id=&quot;cite_ref-50&quot; class=&quot;reference&quot;><a href=&quot;https://en.wikipedia.org/wiki/List_of_fake_news_websites#cite_note-50&quot;>[50]</a></sup><sup id=&quot;cite_ref-51&quot; class=&quot;reference&quot;><a href=&quot;https://en.wikipedia.org/wiki/List_of_fake_news_websites#cite_note-51&quot;>[51]</a></sup>
guerilla.news	Guerilla News		<sup id=&quot;cite_ref-fc-fake-satirical_52-0&quot; class=&quot;reference&quot;><a href=&quot;https://en.wikipedia.org/wiki/List_of_fake_news_websites#cite_note-fc-fake-satirical-52&quot;>[52]</a></sup><sup id=&quot;cite_ref-53&quot; class=&quot;reference&quot;><a href=&quot;https://en.wikipedia.org/wiki/List_of_fake_news_websites#cite_note-53&quot;>[53]</a></sup>
gummypost.com	Gummy Post	Fake news website that has published claims about President Obama issuing a full pardon for convicted rapper <a href=&quot;/wiki/C-Murder&quot; title=&quot;C-Murder&quot;>C-Murder</a>, musician <a href=&quot;/wiki/Kodak_Black&quot; title=&quot;Kodak Black&quot;>Kodak Black</a> getting shot outside a nightclub in Florida, and a <a href=&quot;/wiki/Hulk_Hogan&quot; title=&quot;Hulk Hogan&quot;>Hulk Hogan</a> death hoax.	<sup id=&quot;cite_ref-54&quot; class=&quot;reference&quot;><a href=&quot;https://en.wikipedia.org/wiki/List_of_fake_news_websites#cite_note-54&quot;>[54]</a></sup><sup id=&quot;cite_ref-55&quot; class=&quot;reference&quot;><a href=&quot;https://en.wikipedia.org/wiki/List_of_fake_news_websites#cite_note-55&quot;>[55]</a></sup><sup id=&quot;cite_ref-56&quot; class=&quot;reference&quot;><a href=&quot;https://en.wikipedia.org/wiki/List_of_fake_news_websites#cite_note-56&quot;>[56]</a></sup>
halturnerradioshow.com/	Hal Turner Show		<sup id=&quot;cite_ref-57&quot; class=&quot;reference&quot;><a href=&quot;https://en.wikipedia.org/wiki/List_of_fake_news_websites#cite_note-57&quot;>[57]</a></sup><sup id=&quot;cite_ref-58&quot; class=&quot;reference&quot;><a href=&quot;https://en.wikipedia.org/wiki/List_of_fake_news_websites#cite_note-58&quot;>[58]</a></sup><sup id=&quot;cite_ref-59&quot; class=&quot;reference&quot;><a href=&quot;https://en.wikipedia.org/wiki/List_of_fake_news_websites#cite_note-59&quot;>[59]</a></sup>
houstonchronicle-tv.com	Houston Chronicle TV		<sup id=&quot;cite_ref-60&quot; class=&quot;reference&quot;><a href=&quot;https://en.wikipedia.org/wiki/List_of_fake_news_websites#cite_note-60&quot;>[60]</a></sup><sup id=&quot;cite_ref-61&quot; class=&quot;reference&quot;><a href=&quot;https://en.wikipedia.org/wiki/List_of_fake_news_websites#cite_note-61&quot;>[61]</a></sup><sup id=&quot;cite_ref-62&quot; class=&quot;reference&quot;><a href=&quot;https://en.wikipedia.org/wiki/List_of_fake_news_websites#cite_note-62&quot;>[62]</a></sup>
huzlers.com	Huzlers	Fake news from this website often involve popular restaurants and brands to disgust readers with its gross-out stories. One story by the site falsely reported that Dong Nguyen, the creator of <i><a href=&quot;/wiki/Flappy_Bird&quot; title=&quot;Flappy Bird&quot;>Flappy Bird</a></i>, killed himself. Another story made up an incident where a person working at a <a href=&quot;/wiki/McDonald%27s&quot; title=&quot;McDonald's&quot;>McDonald's</a> restaurant put his <a href=&quot;/wiki/Mixtape&quot; title=&quot;Mixtape&quot;>mixtapes</a> in <a href=&quot;/wiki/Happy_Meal&quot; title=&quot;Happy Meal&quot;>Happy Meals</a>. The site describes itself as &quot;the most infamous fauxtire &amp; satire entertainment website in the world.&quot;<sup id=&quot;cite_ref-63&quot; class=&quot;reference&quot;><a href=&quot;https://en.wikipedia.org/wiki/List_of_fake_news_websites#cite_note-63&quot;>[63]</a></sup>	<sup id=&quot;cite_ref-snopes_28-3&quot; class=&quot;reference&quot;><a href=&quot;https://en.wikipedia.org/wiki/List_of_fake_news_websites#cite_note-snopes-28&quot;>[28]</a></sup><sup id=&quot;cite_ref-Rensin_43-2&quot; class=&quot;reference&quot;><a href=&quot;https://en.wikipedia.org/wiki/List_of_fake_news_websites#cite_note-Rensin-43&quot;>[43]</a></sup><sup id=&quot;cite_ref-64&quot; class=&quot;reference&quot;><a href=&quot;https://en.wikipedia.org/wiki/List_of_fake_news_websites#cite_note-64&quot;>[64]</a></sup><sup id=&quot;cite_ref-65&quot; class=&quot;reference&quot;><a href=&quot;https://en.wikipedia.org/wiki/List_of_fake_news_websites#cite_note-65&quot;>[65]</a></sup>
infowars.com	InfoWars	Managed by <a href=&quot;/wiki/Alex_Jones_(radio_host)&quot; class=&quot;mw-redirect&quot; title=&quot;Alex Jones (radio host)&quot;>Alex Jones</a>. Has claimed that millions of people have voted illegally in the 2016 presidential election, that the <a href=&quot;/wiki/Sandy_Hook_Elementary_School_shooting&quot; title=&quot;Sandy Hook Elementary School shooting&quot;>Sandy Hook Elementary School shooting</a> was a hoax, that the <a href=&quot;/wiki/Boston_Marathon_bombing&quot; title=&quot;Boston Marathon bombing&quot;>Boston Marathon bombing</a> was a hoax, and that the Democratic Party <a href=&quot;/wiki/Pizzagate_(conspiracy_theory)&quot; class=&quot;mw-redirect&quot; title=&quot;Pizzagate (conspiracy theory)&quot;>was hosting a child sex slave ring out of a pizza restaurant</a>.	<sup id=&quot;cite_ref-usnews_17-4&quot; class=&quot;reference&quot;><a href=&quot;https://en.wikipedia.org/wiki/List_of_fake_news_websites#cite_note-usnews-17&quot;>[17]</a></sup><sup id=&quot;cite_ref-66&quot; class=&quot;reference&quot;><a href=&quot;https://en.wikipedia.org/wiki/List_of_fake_news_websites#cite_note-66&quot;>[66]</a></sup><sup id=&quot;cite_ref-67&quot; class=&quot;reference&quot;><a href=&quot;https://en.wikipedia.org/wiki/List_of_fake_news_websites#cite_note-67&quot;>[67]</a></sup><sup id=&quot;cite_ref-68&quot; class=&quot;reference&quot;><a href=&quot;https://en.wikipedia.org/wiki/List_of_fake_news_websites#cite_note-68&quot;>[68]</a></sup><sup id=&quot;cite_ref-69&quot; class=&quot;reference&quot;><a href=&quot;https://en.wikipedia.org/wiki/List_of_fake_news_websites#cite_note-69&quot;>[69]</a></sup><sup id=&quot;cite_ref-70&quot; class=&quot;reference&quot;><a href=&quot;https://en.wikipedia.org/wiki/List_of_fake_news_websites#cite_note-70&quot;>[70]</a></sup><sup id=&quot;cite_ref-71&quot; class=&quot;reference&quot;><a href=&quot;https://en.wikipedia.org/wiki/List_of_fake_news_websites#cite_note-71&quot;>[71]</a></sup><sup id=&quot;cite_ref-72&quot; class=&quot;reference&quot;><a href=&quot;https://en.wikipedia.org/wiki/List_of_fake_news_websites#cite_note-72&quot;>[72]</a></sup><sup id=&quot;cite_ref-73&quot; class=&quot;reference&quot;><a href=&quot;https://en.wikipedia.org/wiki/List_of_fake_news_websites#cite_note-73&quot;>[73]</a></sup><sup id=&quot;cite_ref-74&quot; class=&quot;reference&quot;><a href=&quot;https://en.wikipedia.org/wiki/List_of_fake_news_websites#cite_note-74&quot;>[74]</a></sup></p>
kmt11.com	KMT 11 News	Falsely reports celebrity appearances and filming locations in random local towns. Before the website went down, it referred to itself as a &quot;fantasy news website&quot;.<sup id=&quot;cite_ref-harry-potter_75-0&quot; class=&quot;reference&quot;><a href=&quot;https://en.wikipedia.org/wiki/List_of_fake_news_websites#cite_note-harry-potter-75&quot;>[75]</a></sup><sup id=&quot;cite_ref-notebook2_76-0&quot; class=&quot;reference&quot;><a href=&quot;https://en.wikipedia.org/wiki/List_of_fake_news_websites#cite_note-notebook2-76&quot;>[76]</a></sup>	<sup id=&quot;cite_ref-77&quot; class=&quot;reference&quot;><a href=&quot;https://en.wikipedia.org/wiki/List_of_fake_news_websites#cite_note-77&quot;>[77]</a></sup><sup id=&quot;cite_ref-harry-potter_75-1&quot; class=&quot;reference&quot;><a href=&quot;https://en.wikipedia.org/wiki/List_of_fake_news_websites#cite_note-harry-potter-75&quot;>[75]</a></sup><sup id=&quot;cite_ref-notebook2_76-1&quot; class=&quot;reference&quot;><a href=&quot;https://en.wikipedia.org/wiki/List_of_fake_news_websites#cite_note-notebook2-76&quot;>[76]</a></sup><sup id=&quot;cite_ref-78&quot; class=&quot;reference&quot;><a href=&quot;https://en.wikipedia.org/wiki/List_of_fake_news_websites#cite_note-78&quot;>[78]</a></sup>
americaslastlineofdefense.org	<span data-sort-value=&quot;Last Line of Defense, The&nbsp;!&quot;>The Last Line of Defense</span>	This website has a history of publishing fake news articles, especially of the political genre. Notable hoaxes include <a href=&quot;/wiki/Donald_Trump&quot; title=&quot;Donald Trump&quot;>Donald Trump</a> revoking the press credentials of six major news outlets, <a href=&quot;/wiki/Michelle_Obama&quot; title=&quot;Michelle Obama&quot;>Michelle Obama</a> getting ditched by the <a href=&quot;/wiki/United_States_Secret_Service&quot; title=&quot;United States Secret Service&quot;>Secret Service</a>, and <a href=&quot;/wiki/Hillary_Clinton&quot; title=&quot;Hillary Clinton&quot;>Hillary Clinton</a> describing <a href=&quot;/wiki/Beyonce&quot; class=&quot;mw-redirect&quot; title=&quot;Beyonce&quot;>Beyonce</a>'s music using racial slurs. Although the website claims to be written by &quot;a group of educated, God-fearing Christian conservative patriots who are tired of Obama’s tyrannical reign and ready to see a strong Republican take the White House,&quot; its articles are in fact all written by one person, Christopher Blair, who has written under multiple pen names. (BG-note: wearethellod.com https://www.snopes.com/tag/the-last-line-of-defense/)	<sup id=&quot;cite_ref-79&quot; class=&quot;reference&quot;><a href=&quot;https://en.wikipedia.org/wiki/List_of_fake_news_websites#cite_note-79&quot;>[79]</a></sup><sup id=&quot;cite_ref-80&quot; class=&quot;reference&quot;><a href=&quot;https://en.wikipedia.org/wiki/List_of_fake_news_websites#cite_note-80&quot;>[80]</a></sup><sup id=&quot;cite_ref-81&quot; class=&quot;reference&quot;><a href=&quot;https://en.wikipedia.org/wiki/List_of_fake_news_websites#cite_note-81&quot;>[81]</a></sup><sup id=&quot;cite_ref-82&quot; class=&quot;reference&quot;><a href=&quot;https://en.wikipedia.org/wiki/List_of_fake_news_websites#cite_note-82&quot;>[82]</a></sup>
liberalsociety.com	Liberal Society	Published a fake direct quote attributed to Obama, Falsely claimed that the White House fired <a href=&quot;/wiki/Kellyanne_Conway&quot; title=&quot;Kellyanne Conway&quot;>Kellyanne Conway</a>.	<sup id=&quot;cite_ref-mnt_13-2&quot; class=&quot;reference&quot;><a href=&quot;https://en.wikipedia.org/wiki/List_of_fake_news_websites#cite_note-mnt-13&quot;>[13]</a></sup><sup id=&quot;cite_ref-bfn_14-2&quot; class=&quot;reference&quot;><a href=&quot;https://en.wikipedia.org/wiki/List_of_fake_news_websites#cite_note-bfn-14&quot;>[14]</a></sup>
libertywritersnews.com	<a href=&quot;/wiki/Liberty_Writers_News&quot; title=&quot;Liberty Writers News&quot;>Liberty Writers News</a>	Established in 2015 by Paris Wade and Ben Goldman, who told <i>The Washington Post</i> their stories focus on &quot;violence and chaos and aggressive wording&quot; to attract readers. The stories reflect the positions of supporters of <a href=&quot;/wiki/Donald_Trump&quot; title=&quot;Donald Trump&quot;>Donald Trump</a>.	<sup id=&quot;cite_ref-83&quot; class=&quot;reference&quot;><a href=&quot;https://en.wikipedia.org/wiki/List_of_fake_news_websites#cite_note-83&quot;>[83]</a></sup><sup id=&quot;cite_ref-wapo20november2016_84-0&quot; class=&quot;reference&quot;><a href=&quot;https://en.wikipedia.org/wiki/List_of_fake_news_websites#cite_note-wapo20november2016-84&quot;>[84]</a></sup>
interestingthingsdaily.com	LinkBeef	Fake news website that has published claims about the pilot of <a href=&quot;/wiki/Malaysia_Airlines_Flight_370&quot; title=&quot;Malaysia Airlines Flight 370&quot;>Malaysia Airlines Flight 370</a> reappearing, a billionaire wanting to recruit 1,000 women to bear his children, and an <a href=&quot;/wiki/Adam_Sandler&quot; title=&quot;Adam Sandler&quot;>Adam Sandler</a> death hoax. (BG-note: https://www.snopes.com/tag/linkbeef/)	<sup id=&quot;cite_ref-85&quot; class=&quot;reference&quot;><a href=&quot;https://en.wikipedia.org/wiki/List_of_fake_news_websites#cite_note-85&quot;>[85]</a></sup><sup id=&quot;cite_ref-86&quot; class=&quot;reference&quot;><a href=&quot;https://en.wikipedia.org/wiki/List_of_fake_news_websites#cite_note-86&quot;>[86]</a></sup><sup id=&quot;cite_ref-87&quot; class=&quot;reference&quot;><a href=&quot;https://en.wikipedia.org/wiki/List_of_fake_news_websites#cite_note-87&quot;>[87]</a></sup>
mediamass.net	Media Mass		<sup id=&quot;cite_ref-Rensin_43-3&quot; class=&quot;reference&quot;><a href=&quot;https://en.wikipedia.org/wiki/List_of_fake_news_websites#cite_note-Rensin-43&quot;>[43]</a></sup>
nahadaily.com	Naha Daily	This fake news website is now defunct, and was active in a span of five months with popular fake news articles, including a fake quote by <a href=&quot;/wiki/Michael_Kors&quot; title=&quot;Michael Kors&quot;>Michael Kors</a>.	<sup id=&quot;cite_ref-snopes_28-4&quot; class=&quot;reference&quot;><a href=&quot;https://en.wikipedia.org/wiki/List_of_fake_news_websites#cite_note-snopes-28&quot;>[28]</a></sup>
.nationalinsiderpolitics.com	National Insider Politics		<sup id=&quot;cite_ref-cpbf_88-0&quot; class=&quot;reference&quot;><a href=&quot;https://en.wikipedia.org/wiki/List_of_fake_news_websites#cite_note-cpbf-88&quot;>[88]</a></sup><sup id=&quot;cite_ref-89&quot; class=&quot;reference&quot;><a href=&quot;https://en.wikipedia.org/wiki/List_of_fake_news_websites#cite_note-89&quot;>[89]</a></sup>
nationalreport.net	<a href=&quot;/wiki/NationalReport.net&quot; class=&quot;mw-redirect&quot; title=&quot;NationalReport.net&quot;>NationalReport.net</a>	Founder Jestin Coler told <i><a href=&quot;/wiki/Columbia_Journalism_Review&quot; title=&quot;Columbia Journalism Review&quot;>Columbia Journalism Review</a></i>: &quot;When it comes to the fake stuff, you really want it to be red meat. [...] It doesn’t have to be offensive. It doesn’t have to be outrageous. It doesn’t have to be anything other than just giving them what they already wanted to hear.&quot; In 2013, the nonpartisan <a href=&quot;/wiki/FactCheck.org&quot; title=&quot;FactCheck.org&quot;>FactCheck.org</a> deemed NationalReport.net a satirical site. The site's disclaimer states &quot;All news articles contained within National Report are fiction, and presumably fake news. Any resemblance to the truth is purely coincidental.&quot;<sup id=&quot;cite_ref-90&quot; class=&quot;reference&quot;><a href=&quot;https://en.wikipedia.org/wiki/List_of_fake_news_websites#cite_note-90&quot;>[90]</a></sup>	<sup id=&quot;cite_ref-cjr_11-2&quot; class=&quot;reference&quot;><a href=&quot;https://en.wikipedia.org/wiki/List_of_fake_news_websites#cite_note-cjr-11&quot;>[11]</a></sup><sup id=&quot;cite_ref-atc_37-3&quot; class=&quot;reference&quot;><a href=&quot;https://en.wikipedia.org/wiki/List_of_fake_news_websites#cite_note-atc-37&quot;>[37]</a></sup><sup id=&quot;cite_ref-snopes_28-5&quot; class=&quot;reference&quot;><a href=&quot;https://en.wikipedia.org/wiki/List_of_fake_news_websites#cite_note-snopes-28&quot;>[28]</a></sup><sup id=&quot;cite_ref-91&quot; class=&quot;reference&quot;><a href=&quot;https://en.wikipedia.org/wiki/List_of_fake_news_websites#cite_note-91&quot;>[91]</a></sup>
naturalnews.com	<a href=&quot;/wiki/Natural_News&quot; title=&quot;Natural News&quot;>Natural News</a>	Formerly NewsTarget, a website for the sale of various <a href=&quot;/wiki/Dietary_supplement&quot; title=&quot;Dietary supplement&quot;>dietary supplements</a>, promotion of <a href=&quot;/wiki/Alternative_medicine&quot; title=&quot;Alternative medicine&quot;>alternative medicine</a>, controversial nutrition and health claims, and various <a href=&quot;/wiki/Conspiracy_theory&quot; title=&quot;Conspiracy theory&quot;>conspiracy theories</a>, such as &quot;<a href=&quot;/wiki/Chemtrails&quot; class=&quot;mw-redirect&quot; title=&quot;Chemtrails&quot;>chemtrails</a>&quot;, <a href=&quot;/wiki/Chemophobia&quot; title=&quot;Chemophobia&quot;>chemophobic</a> claims (including the purported dangers of <a href=&quot;/wiki/Water_fluoridation_controversy&quot; title=&quot;Water fluoridation controversy&quot;>fluoride in drinking water</a>, <a href=&quot;/wiki/Deodorant#Deodorant_antiperspirant&quot; title=&quot;Deodorant&quot;>anti-perspirants</a>, <a href=&quot;/wiki/Laundry_detergent&quot; title=&quot;Laundry detergent&quot;>laundry detergent</a>, <a href=&quot;/wiki/Monosodium_glutamate&quot; title=&quot;Monosodium glutamate&quot;>monosodium glutamate</a>, <a href=&quot;/wiki/Aspartame&quot; title=&quot;Aspartame&quot;>aspartame</a>), and <a href=&quot;/wiki/Anti-vaccination_movement&quot; class=&quot;mw-redirect&quot; title=&quot;Anti-vaccination movement&quot;>purported health problems</a> caused by allegedly &quot;toxic&quot; ingredients in vaccines, including the <a href=&quot;/wiki/MMR_vaccine_controversy&quot; title=&quot;MMR vaccine controversy&quot;>now-discredited link to autism</a>.	<sup id=&quot;cite_ref-usnews_17-5&quot; class=&quot;reference&quot;><a href=&quot;https://en.wikipedia.org/wiki/List_of_fake_news_websites#cite_note-usnews-17&quot;>[17]</a></sup><sup id=&quot;cite_ref-Novella2010_92-0&quot; class=&quot;reference&quot;><a href=&quot;https://en.wikipedia.org/wiki/List_of_fake_news_websites#cite_note-Novella2010-92&quot;>[92]</a></sup><sup id=&quot;cite_ref-93&quot; class=&quot;reference&quot;><a href=&quot;https://en.wikipedia.org/wiki/List_of_fake_news_websites#cite_note-93&quot;>[93]</a></sup><sup id=&quot;cite_ref-crank_94-0&quot; class=&quot;reference&quot;><a href=&quot;https://en.wikipedia.org/wiki/List_of_fake_news_websites#cite_note-crank-94&quot;>[94]</a></sup><sup id=&quot;cite_ref-95&quot; class=&quot;reference&quot;><a href=&quot;https://en.wikipedia.org/wiki/List_of_fake_news_websites#cite_note-95&quot;>[95]</a></sup>
nbcnews.com.co	NBCNews.com<b>.co</b>	Owned by <a href=&quot;/wiki/Paul_Horner&quot; title=&quot;Paul Horner&quot;>Paul Horner</a>. Mimics the URL, design and logo of <a href=&quot;/wiki/NBC_News&quot; title=&quot;NBC News&quot;>NBC News</a>.	<sup id=&quot;cite_ref-96&quot; class=&quot;reference&quot;><a href=&quot;https://en.wikipedia.org/wiki/List_of_fake_news_websites#cite_note-96&quot;>[96]</a></sup>
neonnettle.com	Neonnettle.com	This fake news website &quot;tried to connect the random deaths of doctors with conspiracy theories around vaccination&quot; in a phony story from 2017.	<sup id=&quot;cite_ref-HeiglNeon_97-0&quot; class=&quot;reference&quot;><a href=&quot;https://en.wikipedia.org/wiki/List_of_fake_news_websites#cite_note-HeiglNeon-97&quot;>[97]</a></sup>
newsbreakhere.com	News Breaks Here		<sup id=&quot;cite_ref-Mcintire_98-0&quot; class=&quot;reference&quot;><a href=&quot;https://en.wikipedia.org/wiki/List_of_fake_news_websites#cite_note-Mcintire-98&quot;>[98]</a></sup>
newsbuzzdaily.com	<span data-sort-value=&quot;NewsBuzzDaily, The&nbsp;!&quot;>NewsBuzzDaily</span> <i>(defunct)</i>	This fake news website mostly consists of celebrity gossip and death hoaxes, but a few of its other stories became popular on social media. When the site was up it said that it was &quot;a combination of real shocking news and satire news&quot; and that articles were for &quot;entertainment and satirical purposes&quot; only.<sup id=&quot;cite_ref-snopes_28-6&quot; class=&quot;reference&quot;><a href=&quot;https://en.wikipedia.org/wiki/List_of_fake_news_websites#cite_note-snopes-28&quot;>[28]</a></sup>	<sup id=&quot;cite_ref-snopes_28-7&quot; class=&quot;reference&quot;><a href=&quot;https://en.wikipedia.org/wiki/List_of_fake_news_websites#cite_note-snopes-28&quot;>[28]</a></sup>
newsexaminer.net	News Examiner	Started in 2015 by <a href=&quot;/wiki/Paul_Horner&quot; title=&quot;Paul Horner&quot;>Paul Horner</a>, the lead writer of the <a href=&quot;/wiki/National_Report&quot; title=&quot;National Report&quot;>National Report</a>. This website has been known to mix real news along with its fake news.	<sup id=&quot;cite_ref-snopes_28-8&quot; class=&quot;reference&quot;><a href=&quot;https://en.wikipedia.org/wiki/List_of_fake_news_websites#cite_note-snopes-28&quot;>[28]</a></sup>
newshounds.us	News Hound	(BG-note: URL?)	<sup id=&quot;cite_ref-Rensin_43-4&quot; class=&quot;reference&quot;><a href=&quot;https://en.wikipedia.org/wiki/List_of_fake_news_websites#cite_note-Rensin-43&quot;>[43]</a></sup>
thenewsnerd.com	<span data-sort-value=&quot;News Nerd, The&nbsp;!&quot;>The News Nerd</span>	A defunct website which used to have a disclaimer on every page.<sup id=&quot;cite_ref-99&quot; class=&quot;reference&quot;><a href=&quot;https://en.wikipedia.org/wiki/List_of_fake_news_websites#cite_note-99&quot;>[99]</a></sup>	<sup id=&quot;cite_ref-Rensin_43-5&quot; class=&quot;reference&quot;><a href=&quot;https://en.wikipedia.org/wiki/List_of_fake_news_websites#cite_note-Rensin-43&quot;>[43]</a></sup>
newswatch33.com	<span id=&quot;NewsWatch33&quot;>NewsWatch33</span>	Began in April 2015 under the name NewsWatch28, later becoming NewsWatch33. The website disguises itself as a local television outlet. It has also been known to mix real news along with its fake news in an attempt to circumvent Facebook’s crackdown on them.	<sup id=&quot;cite_ref-snopes_28-9&quot; class=&quot;reference&quot;><a href=&quot;https://en.wikipedia.org/wiki/List_of_fake_news_websites#cite_note-snopes-28&quot;>[28]</a></sup>
thenewyorkevening.com	<span data-sort-value=&quot;New York Evening, The&nbsp;!&quot;>The New York Evening</span> (TheNewYorkEvening.com)	This fake news website has spread numerous false claims, including a fake story claiming that <a href=&quot;/wiki/Malia_Obama&quot; class=&quot;mw-redirect&quot; title=&quot;Malia Obama&quot;>Malia Obama</a> had been expelled from <a href=&quot;/wiki/Harvard_University&quot; title=&quot;Harvard University&quot;>Harvard</a>.	<sup id=&quot;cite_ref-GillinNYEvening_100-0&quot; class=&quot;reference&quot;><a href=&quot;https://en.wikipedia.org/wiki/List_of_fake_news_websites#cite_note-GillinNYEvening-100&quot;>[100]</a></sup>
now8news.com	Now 8 News (Now8News.com)	Started in 2015, this fake news website is also designed to look like a local television outlet. Several of the website's fake stories have successfully spread on social media.	<sup id=&quot;cite_ref-snopes_28-10&quot; class=&quot;reference&quot;><a href=&quot;https://en.wikipedia.org/wiki/List_of_fake_news_websites#cite_note-snopes-28&quot;>[28]</a></sup><sup id=&quot;cite_ref-101&quot; class=&quot;reference&quot;><a href=&quot;https://en.wikipedia.org/wiki/List_of_fake_news_websites#cite_note-101&quot;>[101]</a></sup><sup id=&quot;cite_ref-GillinNow_102-0&quot; class=&quot;reference&quot;><a href=&quot;https://en.wikipedia.org/wiki/List_of_fake_news_websites#cite_note-GillinNow-102&quot;>[102]</a></sup>
odishatv.in	<a href=&quot;/wiki/Odisha_TV&quot; title=&quot;Odisha TV&quot;>Odisha TV</a> (<a rel=&quot;nofollow&quot; class=&quot;external free&quot; href=&quot;https://odishatv.in/&quot;>https://odishatv.in/</a>)	Odisha TV or OTV is a regional <a href=&quot;/wiki/Odia_language&quot; title=&quot;Odia language&quot;>Odia</a> <a href=&quot;/wiki/India&quot; title=&quot;India&quot;>Indian</a> <a href=&quot;/wiki/Cable_television&quot; title=&quot;Cable television&quot;>Cable Television</a> station. It is the flagship channel of the <a href=&quot;/wiki/Bhubaneswar&quot; title=&quot;Bhubaneswar&quot;>Bhubaneswar</a>-based Odisha Television Network. It was started and promoted by <a href=&quot;/wiki/Jagi_Mangat_Panda&quot; class=&quot;mw-redirect&quot; title=&quot;Jagi Mangat Panda&quot;>Jagi Mangat Panda</a>. <a rel=&quot;nofollow&quot; class=&quot;external text&quot; href=&quot;https://www.dailypioneer.com/2018/state-editions/otv-airing-paid-pro-bjp-news-bjd-to-ceo.html&quot;>This recently converted &quot;paid media&quot; has been spreading anti-government stories after the co-owner of the channel was removed from the party</a> . Further, other TV channels and newspapers have also published about the fake news broadcast by OTV against the BJD Government, the ruling party of eastern Indian state of Odisha<sup id=&quot;cite_ref-131&quot; class=&quot;reference&quot;><a href=&quot;https://en.wikipedia.org/wiki/List_of_fake_news_websites#cite_note-131&quot;>[131]</a></sup><sup id=&quot;cite_ref-132&quot; class=&quot;reference&quot;><a href=&quot;https://en.wikipedia.org/wiki/List_of_fake_news_websites#cite_note-132&quot;>[132]</a></sup>. Other instances of Fake News broadcast by the Odisha TV (<a rel=&quot;nofollow&quot; class=&quot;external free&quot; href=&quot;https://odishatv.in/&quot;>https://odishatv.in/</a>) are about SOA University, Deemed to be University, where it was reported that the University illegally admits students without AICTE approval, which was not true. The University filed a court case against OTV (<a rel=&quot;nofollow&quot; class=&quot;external free&quot; href=&quot;https://odishatv.in/&quot;>https://odishatv.in/</a>)<sup id=&quot;cite_ref-133&quot; class=&quot;reference&quot;><a href=&quot;https://en.wikipedia.org/wiki/List_of_fake_news_websites#cite_note-133&quot;>[133]</a></sup> and OTV also broadcast motivated news against a BJD leader alleging corruption<sup id=&quot;cite_ref-134&quot; class=&quot;reference&quot;><a href=&quot;https://en.wikipedia.org/wiki/List_of_fake_news_websites#cite_note-134&quot;>[134]</a></sup>.	
thepredicted.com	<span data-sort-value=&quot;Predicted, The&nbsp;!&quot;>The Predicted</span>		<sup id=&quot;cite_ref-huffpost-bernie_18-1&quot; class=&quot;reference&quot;><a href=&quot;https://en.wikipedia.org/wiki/List_of_fake_news_websites#cite_note-huffpost-bernie-18&quot;>[18]</a></sup>
prntly.com	<a href=&quot;/wiki/Prntly&quot; title=&quot;Prntly&quot;>Prntly</a>	A <a href=&quot;/wiki/Conservatism_in_the_United_States&quot; title=&quot;Conservatism in the United States&quot;>politically conservative</a> news site described by <i><a href=&quot;/wiki/Snopes&quot; class=&quot;mw-redirect&quot; title=&quot;Snopes&quot;>Snopes</a></i> as &quot;a disreputable outlet that has a penchant for publishing both fake news and spurious pro-Trump articles&quot;.	<sup id=&quot;cite_ref-Snopes_103-0&quot; class=&quot;reference&quot;><a href=&quot;https://en.wikipedia.org/wiki/List_of_fake_news_websites#cite_note-Snopes-103&quot;>[103]</a></sup><sup id=&quot;cite_ref-104&quot; class=&quot;reference&quot;><a href=&quot;https://en.wikipedia.org/wiki/List_of_fake_news_websites#cite_note-104&quot;>[104]</a></sup>
react365.com	React 365	This user-created fake news generator, supposedly for &quot;pranking your friends&quot;, had at least two stories that went viral.	<sup id=&quot;cite_ref-snopes_28-11&quot; class=&quot;reference&quot;><a href=&quot;https://en.wikipedia.org/wiki/List_of_fake_news_websites#cite_note-snopes-28&quot;>[28]</a></sup>
redflagnews.com	Red Flag News		<sup id=&quot;cite_ref-usnews_17-6&quot; class=&quot;reference&quot;><a href=&quot;https://en.wikipedia.org/wiki/List_of_fake_news_websites#cite_note-usnews-17&quot;>[17]</a></sup>
thereporterz.com	<span data-sort-value=&quot;Reporterz, The&nbsp;!&quot;>The Reporterz</span>	Starting in early 2016, this fake news website penned several different hoaxes, including one about a murder over a <a href=&quot;/wiki/Twitter&quot; title=&quot;Twitter&quot;>Twitter</a> trend.	<sup id=&quot;cite_ref-snopes_28-12&quot; class=&quot;reference&quot;><a href=&quot;https://en.wikipedia.org/wiki/List_of_fake_news_websites#cite_note-snopes-28&quot;>[28]</a></sup>
snoopack.com	Snoopack		<sup id=&quot;cite_ref-abc-obama_105-0&quot; class=&quot;reference&quot;><a href=&quot;https://en.wikipedia.org/wiki/List_of_fake_news_websites#cite_note-abc-obama-105&quot;>[105]</a></sup><sup id=&quot;cite_ref-106&quot; class=&quot;reference&quot;><a href=&quot;https://en.wikipedia.org/wiki/List_of_fake_news_websites#cite_note-106&quot;>[106]</a></sup>
spinzon.com	Spin Zone		<sup id=&quot;cite_ref-107&quot; class=&quot;reference&quot;><a href=&quot;https://en.wikipedia.org/wiki/List_of_fake_news_websites#cite_note-107&quot;>[107]</a></sup><sup id=&quot;cite_ref-politifact-guide_108-0&quot; class=&quot;reference&quot;><a href=&quot;https://en.wikipedia.org/wiki/List_of_fake_news_websites#cite_note-politifact-guide-108&quot;>[108]</a></sup>
stgeorgegazette.com	St George Gazette		<sup id=&quot;cite_ref-109&quot; class=&quot;reference&quot;><a href=&quot;https://en.wikipedia.org/wiki/List_of_fake_news_websites#cite_note-109&quot;>[109]</a></sup><sup id=&quot;cite_ref-110&quot; class=&quot;reference&quot;><a href=&quot;https://en.wikipedia.org/wiki/List_of_fake_news_websites#cite_note-110&quot;>[110]</a></sup>
stuppid.com	Stuppid	This fake news purveyor specializes in articles with stories that are morally offensive.	<sup id=&quot;cite_ref-snopes_28-13&quot; class=&quot;reference&quot;><a href=&quot;https://en.wikipedia.org/wiki/List_of_fake_news_websites#cite_note-snopes-28&quot;>[28]</a></sup>
superstation95.com	Super Station 95	(BG-note: https://www.snopes.com/tag/superstation95/)	<sup id=&quot;cite_ref-111&quot; class=&quot;reference&quot;><a href=&quot;https://en.wikipedia.org/wiki/List_of_fake_news_websites#cite_note-111&quot;>[111]</a></sup><sup id=&quot;cite_ref-112&quot; class=&quot;reference&quot;><a href=&quot;https://en.wikipedia.org/wiki/List_of_fake_news_websites#cite_note-112&quot;>[112]</a></sup><sup id=&quot;cite_ref-113&quot; class=&quot;reference&quot;><a href=&quot;https://en.wikipedia.org/wiki/List_of_fake_news_websites#cite_note-113&quot;>[113]</a></sup>
truetrumpers.com	TrueTrumpers.com	This fake news website makes &quot;claims about President Donald Trump, former President Barack Obama and Muslims, in particular, as well as click-baiting claims about porn stars and secret tricks for weight loss and whiter teeth.&quot;	<sup id=&quot;cite_ref-Doubek_114-0&quot; class=&quot;reference&quot;><a href=&quot;https://en.wikipedia.org/wiki/List_of_fake_news_websites#cite_note-Doubek-114&quot;>[114]</a></sup>
uconservative.net.	UConservative		<sup id=&quot;cite_ref-austin_115-0&quot; class=&quot;reference&quot;><a href=&quot;https://en.wikipedia.org/wiki/List_of_fake_news_websites#cite_note-austin-115&quot;>[115]</a></sup><sup id=&quot;cite_ref-116&quot; class=&quot;reference&quot;><a href=&quot;https://en.wikipedia.org/wiki/List_of_fake_news_websites#cite_note-116&quot;>[116]</a></sup>
undergroundnewsreport.com	UndergroundNewsReport.com	According to PolitiFact, &quot;the site purposely writes outlandish stories to trick readers&quot;. Launched on February 21, 2017, the website gained more than 1 million page views in its first two weeks; in less than a month the site was sued by <a href=&quot;/wiki/Whoopi_Goldberg&quot; title=&quot;Whoopi Goldberg&quot;>Whoopi Goldberg</a>.	<sup id=&quot;cite_ref-117&quot; class=&quot;reference&quot;><a href=&quot;https://en.wikipedia.org/wiki/List_of_fake_news_websites#cite_note-117&quot;>[117]</a></sup><sup id=&quot;cite_ref-118&quot; class=&quot;reference&quot;><a href=&quot;https://en.wikipedia.org/wiki/List_of_fake_news_websites#cite_note-118&quot;>[118]</a></sup>
unitedmediapublishing.com	United Media Publishing	Owned by Jestin Coler.	<sup id=&quot;cite_ref-atc_37-4&quot; class=&quot;reference&quot;><a href=&quot;https://en.wikipedia.org/wiki/List_of_fake_news_websites#cite_note-atc-37&quot;>[37]</a></sup>
usadailyinfo.com	USA Daily Info		<sup id=&quot;cite_ref-119&quot; class=&quot;reference&quot;><a href=&quot;https://en.wikipedia.org/wiki/List_of_fake_news_websites#cite_note-119&quot;>[119]</a></sup><sup id=&quot;cite_ref-120&quot; class=&quot;reference&quot;><a href=&quot;https://en.wikipedia.org/wiki/List_of_fake_news_websites#cite_note-120&quot;>[120]</a></sup>
usatoday.com.co	usatoday.com<b>.co</b>		<sup id=&quot;cite_ref-atc_37-5&quot; class=&quot;reference&quot;><a href=&quot;https://en.wikipedia.org/wiki/List_of_fake_news_websites#cite_note-atc-37&quot;>[37]</a></sup>
uspostman.com	US Postman		<sup id=&quot;cite_ref-politifact-guide_108-1&quot; class=&quot;reference&quot;><a href=&quot;https://en.wikipedia.org/wiki/List_of_fake_news_websites#cite_note-politifact-guide-108&quot;>[108]</a></sup><sup id=&quot;cite_ref-121&quot; class=&quot;reference&quot;><a href=&quot;https://en.wikipedia.org/wiki/List_of_fake_news_websites#cite_note-121&quot;>[121]</a></sup>
washingtonpost.com.co	washingtonpost.com<b>.co</b>	Originally registered by Jestin Coler. <i>The Washington Post</i> submitted a complaint against Coler's registration of the site with <a href=&quot;/wiki/GoDaddy&quot; title=&quot;GoDaddy&quot;>GoDaddy</a> under the <a href=&quot;/wiki/Uniform_Domain-Name_Dispute-Resolution_Policy&quot; title=&quot;Uniform Domain-Name Dispute-Resolution Policy&quot;>UDRP</a>, and in 2015, an <a href=&quot;/wiki/Arbitration&quot; title=&quot;Arbitration&quot;>arbitral panel</a> ruled that Coler's registration of the <a href=&quot;/wiki/Domain_name&quot; title=&quot;Domain name&quot;>domain name</a> was a form of bad-faith <a href=&quot;/wiki/Cybersquatting&quot; title=&quot;Cybersquatting&quot;>cybersquatting</a> (specifically, <a href=&quot;/wiki/Typosquatting&quot; title=&quot;Typosquatting&quot;>typosquatting</a>), &quot;through a website that competes with Complainant through the use of fake news. ... The fake news content misleads readers and serves as 'click bait' to drive readers to other sites, or to share the fake news content with others on social networking websites, to generate advertising revenue.&quot;	<sup id=&quot;cite_ref-122&quot; class=&quot;reference&quot;><a href=&quot;https://en.wikipedia.org/wiki/List_of_fake_news_websites#cite_note-122&quot;>[122]</a></sup><sup id=&quot;cite_ref-atc_37-6&quot; class=&quot;reference&quot;><a href=&quot;https://en.wikipedia.org/wiki/List_of_fake_news_websites#cite_note-atc-37&quot;>[37]</a></sup>
worldtruth.tv	World Truth TV		<sup id=&quot;cite_ref-usnews_17-7&quot; class=&quot;reference&quot;><a href=&quot;https://en.wikipedia.org/wiki/List_of_fake_news_websites#cite_note-usnews-17&quot;>[17]</a></sup>
worldnewsdailyreport.com	<span id=&quot;[[World_News_Daily_Report]]&quot;><a href=&quot;/wiki/World_News_Daily_Report&quot; title=&quot;World News Daily Report&quot;>World News Daily Report</a></span> (worldnewsdailyreport.com)<sup class=&quot;noprint Inline-Template&quot; style=&quot;white-space:nowrap;&quot;>[<i><a href=&quot;/wiki/Wikipedia:Disputed_statement&quot; class=&quot;mw-redirect&quot; title=&quot;Wikipedia:Disputed statement&quot;><span title=&quot;This claim has reliable sources with contradicting facts (December 2017)&quot;>disputed</span></a> <span class=&quot;metadata&quot;> – <a href=&quot;/wiki/Talk:List_of_fake_news_websites&quot; title=&quot;Talk:List of fake news websites&quot;>discuss</a></span></i>]</sup>	Run by Janick Murray-Hall. Its disclaimer states, &quot;World News Daily Report assumes all responsibility for the satirical nature of its articles and for the fictional nature of their content. All characters appearing in the articles in this website—even those based on real people—are entirely fictional and any resemblance between them and any person, living, dead or undead, is purely a miracle.&quot;<sup id=&quot;cite_ref-123&quot; class=&quot;reference&quot;><a href=&quot;https://en.wikipedia.org/wiki/List_of_fake_news_websites#cite_note-123&quot;>[123]</a></sup>	<sup id=&quot;cite_ref-124&quot; class=&quot;reference&quot;><a href=&quot;https://en.wikipedia.org/wiki/List_of_fake_news_websites#cite_note-124&quot;>[124]</a></sup>
yournewswire.com	<a href=&quot;/wiki/Your_News_Wire&quot; title=&quot;Your News Wire&quot;>Your News Wire</a> (YourNewsWire.com)	Founded by Sean Adl-Tabatabai and Sinclair Treadway in 2014. It has published fake stories, such as &quot;claims that the Queen had threatened to abdicate if the UK voted against Brexit.&quot;	<sup id=&quot;cite_ref-125&quot; class=&quot;reference&quot;><a href=&quot;https://en.wikipedia.org/wiki/List_of_fake_news_websites#cite_note-125&quot;>[125]</a></sup><sup id=&quot;cite_ref-Boswell_126-0&quot; class=&quot;reference&quot;><a href=&quot;https://en.wikipedia.org/wiki/List_of_fake_news_websites#cite_note-Boswell-126&quot;>[126]</a></sup><sup id=&quot;cite_ref-127&quot; class=&quot;reference&quot;><a href=&quot;https://en.wikipedia.org/wiki/List_of_fake_news_websites#cite_note-127&quot;>[127]</a></sup><sup id=&quot;cite_ref-128&quot; class=&quot;reference&quot;><a href=&quot;https://en.wikipedia.org/wiki/List_of_fake_news_websites#cite_note-128&quot;>[128]</a></sup><sup id=&quot;cite_ref-129&quot; class=&quot;reference&quot;><a href=&quot;https://en.wikipedia.org/wiki/List_of_fake_news_websites#cite_note-129&quot;>[129]</a></sup><sup id=&quot;cite_ref-130&quot; class=&quot;reference&quot;><a href=&quot;https://en.wikipedia.org/wiki/List_of_fake_news_websites#cite_note-130&quot;>[130]</a></sup>